step,x,y,r,phi
0,-189.52,-0.144744,189.52,-3.14083
1,-189.039,-0.289414,189.039,-3.14006
2,-188.559,-0.434111,188.559,-3.13929
3,-188.078,-0.57883,188.079,-3.13851
4,-187.598,-0.72352,187.599,-3.13774
5,-187.117,-0.868221,187.119,-3.13695
6,-186.637,-1.01293,186.639,-3.13617
7,-186.156,-1.15759,186.16,-3.13537
8,-185.676,-1.30228,185.68,-3.13458
9,-185.195,-1.44701,185.201,-3.13378
10,-184.714,-1.59172,184.721,-3.13298
11,-184.234,-1.73641,184.242,-3.13217
12,-183.753,-1.88111,183.763,-3.13136
13,-183.272,-2.02582,183.284,-3.13054
14,-182.792,-2.17054,182.805,-3.12972
15,-182.311,-2.31525,182.326,-3.12889
16,-181.83,-2.45995,181.847,-3.12806
17,-181.35,-2.60463,181.368,-3.12723
18,-180.869,-2.74933,180.89,-3.12639
19,-180.388,-2.89405,180.412,-3.12555
20,-179.908,-3.03878,179.933,-3.1247
21,-179.427,-3.18347,179.455,-3.12385
22,-178.946,-3.3282,178.977,-3.123
23,-178.465,-3.47287,178.499,-3.12214
24,-177.984,-3.61757,178.021,-3.12127
25,-177.504,-3.76229,177.543,-3.1204
26,-177.023,-3.90698,177.066,-3.11953
27,-176.542,-4.05163,176.588,-3.11865
28,-176.061,-4.19629,176.111,-3.11776
29,-175.58,-4.34102,175.634,-3.11687
30,-175.099,-4.48574,175.156,-3.11598
31,-174.618,-4.63043,174.679,-3.11508
32,-174.137,-4.7751,174.203,-3.11418
33,-173.656,-4.91982,173.726,-3.11327
34,-173.175,-5.0645,173.249,-3.11236
35,-172.694,-5.20917,172.773,-3.11144
36,-172.213,-5.35383,172.296,-3.11051
37,-171.732,-5.49851,171.82,-3.10959
38,-171.251,-5.64321,171.344,-3.10865
39,-170.77,-5.78791,170.868,-3.10771
40,-170.289,-5.9326,170.392,-3.10677
41,-169.807,-6.0773,169.916,-3.10582
42,-169.326,-6.22201,169.44,-3.10486
43,-168.845,-6.3667,168.965,-3.1039
44,-168.364,-6.51137,168.49,-3.10294
45,-167.883,-6.65603,168.014,-3.10197
46,-167.401,-6.80073,167.539,-3.10099
47,-166.92,-6.94542,167.064,-3.10001
48,-166.439,-7.09005,166.59,-3.09902
49,-165.957,-7.23477,166.115,-3.09803
50,-165.476,-7.37941,165.64,-3.09703
51,-164.995,-7.52409,165.166,-3.09602
52,-164.513,-7.66879,164.692,-3.09501
53,-164.032,-7.8134,164.218,-3.094
54,-163.55,-7.95806,163.744,-3.09297
55,-163.069,-8.10268,163.27,-3.09194
56,-162.587,-8.24733,162.796,-3.09091
57,-162.106,-8.39197,162.323,-3.08987
58,-161.624,-8.53667,161.849,-3.08882
59,-161.143,-8.68134,161.376,-3.08777
60,-160.661,-8.82597,160.903,-3.08671
61,-160.179,-8.97066,160.43,-3.08565
62,-159.698,-9.11531,159.957,-3.08458
63,-159.216,-9.25996,159.485,-3.0835
64,-158.734,-9.40462,159.012,-3.08241
65,-158.252,-9.54927,158.54,-3.08132
66,-157.771,-9.69391,158.068,-3.08023
67,-157.289,-9.83856,157.596,-3.07912
68,-156.807,-9.98322,157.124,-3.07801
69,-156.325,-10.1278,156.653,-3.0769
70,-155.843,-10.2725,156.181,-3.07577
71,-155.361,-10.4171,155.71,-3.07464
72,-154.879,-10.5617,155.239,-3.0735
73,-154.397,-10.7063,154.768,-3.07236
74,-153.915,-10.851,154.297,-3.07121
75,-153.433,-10.9956,153.827,-3.07005
76,-152.951,-11.1402,153.356,-3.06889
77,-152.469,-11.2849,152.886,-3.06771
78,-151.987,-11.4295,152.416,-3.06653
79,-151.505,-11.5741,151.946,-3.06535
80,-151.022,-11.7187,151.476,-3.06415
81,-150.54,-11.8634,151.007,-3.06295
82,-150.058,-12.008,150.537,-3.06174
83,-149.575,-12.1526,150.068,-3.06052
84,-149.093,-12.2972,149.599,-3.0593
85,-148.611,-12.4418,149.131,-3.05807
86,-148.128,-12.5864,148.662,-3.05683
87,-147.646,-12.731,148.194,-3.05558
88,-147.163,-12.8757,147.725,-3.05432
89,-146.681,-13.0203,147.257,-3.05306
90,-146.198,-13.1649,146.79,-3.05179
91,-145.715,-13.3095,146.322,-3.05051
92,-145.233,-13.454,145.855,-3.04922
93,-144.75,-13.5986,145.387,-3.04792
94,-144.267,-13.7431,144.92,-3.04662
95,-143.785,-13.8877,144.454,-3.0453
96,-143.302,-14.0323,143.987,-3.04398
97,-142.819,-14.1768,143.521,-3.04265
98,-142.336,-14.3214,143.055,-3.04131
99,-141.853,-14.466,142.589,-3.03997
100,-141.37,-14.6105,142.123,-3.03861
101,-140.887,-14.755,141.657,-3.03724
102,-140.404,-14.8996,141.192,-3.03587
103,-139.921,-15.0441,140.727,-3.03449
104,-139.437,-15.1887,140.262,-3.03309
105,-138.954,-15.3332,139.798,-3.03169
106,-138.471,-15.4777,139.333,-3.03028
107,-137.988,-15.6222,138.869,-3.02886
108,-137.504,-15.7668,138.405,-3.02743
109,-137.021,-15.9113,137.942,-3.02599
110,-136.537,-16.0557,137.478,-3.02454
111,-136.054,-16.2003,137.015,-3.02308
112,-135.57,-16.3447,136.552,-3.02161
113,-135.087,-16.4892,136.089,-3.02013
114,-134.603,-16.6336,135.627,-3.01864
115,-134.119,-16.7781,135.165,-3.01714
116,-133.635,-16.9225,134.703,-3.01563
117,-133.152,-17.067,134.241,-3.01411
118,-132.668,-17.2114,133.779,-3.01258
119,-132.184,-17.3559,133.318,-3.01104
120,-131.7,-17.5003,132.857,-3.00949
121,-131.216,-17.6447,132.397,-3.00792
122,-130.732,-17.7891,131.936,-3.00635
123,-130.247,-17.9335,131.476,-3.00477
124,-129.763,-18.0779,131.016,-3.00317
125,-129.279,-18.2222,130.557,-3.00156
126,-128.794,-18.3666,130.097,-2.99994
127,-128.31,-18.511,129.638,-2.99831
128,-127.825,-18.6553,129.18,-2.99667
129,-127.341,-18.7997,128.721,-2.99502
130,-126.856,-18.944,128.263,-2.99335
131,-126.372,-19.0884,127.805,-2.99168
132,-125.887,-19.2327,127.348,-2.98999
133,-125.402,-19.377,126.89,-2.98829
134,-124.917,-19.5213,126.433,-2.98657
135,-124.432,-19.6656,125.977,-2.98485
136,-123.947,-19.8098,125.52,-2.98311
137,-123.462,-19.9541,125.064,-2.98136
138,-122.977,-20.0984,124.608,-2.97959
139,-122.492,-20.2426,124.153,-2.97782
140,-122.006,-20.3868,123.698,-2.97603
141,-121.521,-20.531,123.243,-2.97422
142,-121.035,-20.6752,122.789,-2.97241
143,-120.55,-20.8194,122.334,-2.97058
144,-120.064,-20.9635,121.881,-2.96873
145,-119.578,-21.1077,121.427,-2.96687
146,-119.093,-21.2518,120.974,-2.965
147,-118.607,-21.3959,120.521,-2.96312
148,-118.121,-21.54,120.069,-2.96122
149,-117.635,-21.6841,119.617,-2.9593
150,-117.149,-21.8282,119.165,-2.95738
151,-116.662,-21.9722,118.713,-2.95543
152,-116.176,-22.1162,118.262,-2.95347
153,-115.69,-22.2603,117.812,-2.9515
154,-115.203,-22.4043,117.361,-2.94951
155,-114.716,-22.5482,116.911,-2.94751
156,-114.23,-22.6922,116.462,-2.94549
157,-113.743,-22.8361,116.013,-2.94346
158,-113.256,-22.9801,115.564,-2.94141
159,-112.769,-23.124,115.115,-2.93934
160,-112.282,-23.2678,114.667,-2.93726
161,-111.795,-23.4117,114.22,-2.93516
162,-111.307,-23.5555,113.773,-2.93304
163,-110.82,-23.6993,113.326,-2.93091
164,-110.333,-23.8432,112.879,-2.92876
165,-109.845,-23.9869,112.433,-2.9266
166,-109.357,-24.1307,111.988,-2.92441
167,-108.869,-24.2744,111.543,-2.92221
168,-108.381,-24.4181,111.098,-2.91999
169,-107.893,-24.5618,110.654,-2.91776
170,-107.405,-24.7055,110.21,-2.9155
171,-106.917,-24.8491,109.766,-2.91323
172,-106.428,-24.9927,109.323,-2.91094
173,-105.94,-25.1362,108.881,-2.90863
174,-105.451,-25.2798,108.439,-2.9063
175,-104.962,-25.4233,107.997,-2.90396
176,-104.473,-25.5667,107.556,-2.90159
177,-103.984,-25.7102,107.115,-2.8992
178,-103.495,-25.8536,106.675,-2.8968
179,-103.006,-25.9969,106.236,-2.89437
180,-102.516,-26.1403,105.796,-2.89193
181,-102.027,-26.2836,105.358,-2.88946
182,-101.537,-26.4268,104.919,-2.88697
183,-101.047,-26.57,104.482,-2.88447
184,-100.557,-26.7132,104.044,-2.88194
185,-100.067,-26.8563,103.608,-2.87939
186,-99.5762,-26.9994,103.172,-2.87682
187,-99.0856,-27.1425,102.736,-2.87422
188,-98.595,-27.2855,102.301,-2.87161
189,-98.1041,-27.4285,101.866,-2.86897
190,-97.6131,-27.5714,101.432,-2.86631
191,-97.122,-27.7143,100.999,-2.86362
192,-96.6306,-27.8572,100.566,-2.86092
193,-96.1392,-27.9999,100.134,-2.85819
194,-95.6475,-28.1425,99.7018,-2.85544
195,-95.1557,-28.2851,99.2706,-2.85266
196,-94.6637,-28.4277,98.84,-2.84986
197,-94.1714,-28.5703,98.41,-2.84703
198,-93.6791,-28.7128,97.9806,-2.84418
199,-93.1864,-28.8553,97.5517,-2.84131
200,-92.6937,-28.9977,97.1236,-2.8384
201,-92.2007,-29.14,96.696,-2.83548
202,-91.7076,-29.2822,96.269,-2.83252
203,-91.2142,-29.4245,95.8427,-2.82955
204,-90.7206,-29.5666,95.417,-2.82654
205,-90.2268,-29.7087,94.992,-2.82351
206,-89.7328,-29.8507,94.5677,-2.82045
207,-89.2386,-29.9926,94.144,-2.81736
208,-88.7442,-30.1344,93.7209,-2.81424
209,-88.2495,-30.2762,93.2986,-2.8111
210,-87.7547,-30.4179,92.877,-2.80793
211,-87.2596,-30.5595,92.456,-2.80473
212,-86.7642,-30.701,92.0358,-2.8015
213,-86.2687,-30.8425,91.6163,-2.79824
214,-85.7728,-30.9838,91.1974,-2.79495
215,-85.2768,-31.1251,90.7794,-2.79163
216,-84.7805,-31.2663,90.3621,-2.78828
217,-84.2839,-31.4074,89.9455,-2.78489
218,-83.787,-31.5484,89.5297,-2.78148
219,-83.2899,-31.6892,89.1146,-2.77804
220,-82.7925,-31.83,88.7004,-2.77456
221,-82.2949,-31.9707,88.2869,-2.77105
222,-81.797,-32.1113,87.8742,-2.76751
223,-81.2988,-32.2518,87.4624,-2.76393
224,-80.8003,-32.3921,87.0513,-2.76032
225,-80.3015,-32.5323,86.6411,-2.75667
226,-79.8024,-32.6724,86.2317,-2.75299
227,-79.303,-32.8124,85.8232,-2.74928
228,-78.8033,-32.9523,85.4156,-2.74553
229,-78.3033,-33.092,85.0088,-2.74175
230,-77.803,-33.2316,84.6029,-2.73792
231,-77.3023,-33.371,84.1978,-2.73407
232,-76.8014,-33.5103,83.7937,-2.73017
233,-76.3,-33.6494,83.3905,-2.72624
234,-75.7984,-33.7884,82.9883,-2.72226
235,-75.2964,-33.9273,82.5869,-2.71825
236,-74.794,-34.066,82.1866,-2.7142
237,-74.2913,-34.2045,81.7872,-2.71011
238,-73.7882,-34.3428,81.3887,-2.70599
239,-73.2847,-34.481,80.9913,-2.70182
240,-72.7808,-34.619,80.5948,-2.6976
241,-72.2766,-34.7568,80.1994,-2.69335
242,-71.7719,-34.8945,79.805,-2.68906
243,-71.2669,-35.0319,79.4116,-2.68472
244,-70.7615,-35.1691,79.0193,-2.68034
245,-70.2556,-35.3061,78.628,-2.67592
246,-69.7493,-35.4429,78.2379,-2.67145
247,-69.2426,-35.5795,77.8488,-2.66694
248,-68.7354,-35.7158,77.4608,-2.66238
249,-68.2278,-35.852,77.074,-2.65777
250,-67.7197,-35.9878,76.6882,-2.65312
251,-67.2112,-36.1235,76.3037,-2.64843
252,-66.7022,-36.2588,75.9203,-2.64368
253,-66.1928,-36.3939,75.5381,-2.63889
254,-65.6828,-36.5288,75.157,-2.63405
255,-65.1723,-36.6634,74.7772,-2.62916
256,-64.6614,-36.7976,74.3987,-2.62422
257,-64.1499,-36.9316,74.0213,-2.61923
258,-63.6379,-37.0653,73.6452,-2.61418
259,-63.1253,-37.1987,73.2704,-2.60909
260,-62.6123,-37.3318,72.8969,-2.60394
261,-62.0986,-37.4645,72.5247,-2.59875
262,-61.5844,-37.5969,72.1538,-2.59349
263,-61.0697,-37.729,71.7842,-2.58819
264,-60.5543,-37.8607,71.4161,-2.58282
265,-60.0384,-37.992,71.0493,-2.57741
266,-59.5218,-38.1229,70.6838,-2.57193
267,-59.0047,-38.2535,70.3198,-2.5664
268,-58.4869,-38.3836,69.9573,-2.56082
269,-57.9685,-38.5134,69.5961,-2.55517
270,-57.4494,-38.6427,69.2365,-2.54947
271,-56.9297,-38.7715,68.8783,-2.5437
272,-56.4093,-38.8999,68.5216,-2.53788
273,-55.8883,-39.0279,68.1665,-2.532
274,-55.3665,-39.1553,67.8129,-2.52605
275,-54.8441,-39.2823,67.4609,-2.52004
276,-54.3209,-39.4087,67.1104,-2.51397
277,-53.7971,-39.5346,66.7616,-2.50784
278,-53.2725,-39.66,66.4144,-2.50164
279,-52.7471,-39.7848,66.0688,-2.49537
280,-52.221,-39.9091,65.7249,-2.48904
281,-51.6941,-40.0328,65.3827,-2.48265
282,-51.1664,-40.1558,65.0422,-2.47618
283,-50.6379,-40.2782,64.7035,-2.46965
284,-50.1087,-40.4,64.3664,-2.46305
285,-49.5786,-40.5212,64.0312,-2.45638
286,-49.0476,-40.6416,63.6978,-2.44965
287,-48.5158,-40.7614,63.3662,-2.44283
288,-47.9831,-40.8804,63.0364,-2.43595
289,-47.4496,-40.9987,62.7085,-2.429
290,-46.9152,-41.1162,62.3825,-2.42197
291,-46.3799,-41.2329,62.0584,-2.41487
292,-45.8436,-41.3488,61.7362,-2.4077
293,-45.3065,-41.4639,61.416,-2.40045
294,-44.7684,-41.5781,61.0978,-2.39313
295,-44.2293,-41.6914,60.7816,-2.38572
296,-43.6893,-41.8038,60.4675,-2.37825
297,-43.1483,-41.9153,60.1554,-2.37069
298,-42.6063,-42.0258,59.8453,-2.36305
299,-42.0633,-42.1353,59.5374,-2.35534
300,-41.5193,-42.2438,59.2317,-2.34755
301,-40.9743,-42.3512,58.9281,-2.33967
302,-40.4282,-42.4576,58.6266,-2.33171
303,-39.881,-42.5628,58.3274,-2.32368
304,-39.3328,-42.6669,58.0305,-2.31556
305,-38.7835,-42.7699,57.7358,-2.30735
306,-38.2331,-42.8716,57.4434,-2.29906
307,-37.6816,-42.9721,57.1533,-2.29069
308,-37.1289,-43.0713,56.8656,-2.28224
309,-36.5752,-43.1692,56.5802,-2.27369
310,-36.0203,-43.2657,56.2972,-2.26506
311,-35.4642,-43.3608,56.0167,-2.25635
312,-34.907,-43.4546,55.7386,-2.24755
313,-34.3485,-43.5468,55.463,-2.23865
314,-33.7889,-43.6376,55.19,-2.22967
315,-33.2281,-43.7268,54.9194,-2.22061
316,-32.6662,-43.8144,54.6514,-2.21145
317,-32.1029,-43.9004,54.3861,-2.2022
318,-31.5385,-43.9847,54.1233,-2.19286
319,-30.9728,-44.0673,53.8632,-2.18343
320,-30.4059,-44.1482,53.6058,-2.17391
321,-29.8377,-44.2272,53.351,-2.1643
322,-29.2683,-44.3044,53.0991,-2.1546
323,-28.6976,-44.3797,52.8499,-2.14481
324,-28.1257,-44.453,52.6034,-2.13492
325,-27.5525,-44.5243,52.3599,-2.12494
326,-26.978,-44.5936,52.1191,-2.11487
327,-26.4022,-44.6608,51.8812,-2.1047
328,-25.8252,-44.7258,51.6463,-2.09444
329,-25.2469,-44.7886,51.4143,-2.08409
330,-24.6673,-44.8492,51.1852,-2.07364
331,-24.0865,-44.9074,50.9591,-2.06311
332,-23.5043,-44.9633,50.7361,-2.05247
333,-22.9209,-45.0167,50.5161,-2.04175
334,-22.3362,-45.0677,50.2992,-2.03093
335,-21.7503,-45.1161,50.0853,-2.02002
336,-21.1631,-45.162,49.8747,-2.00901
337,-20.5747,-45.2051,49.6671,-1.99792
338,-19.985,-45.2456,49.4628,-1.98673
339,-19.3941,-45.2833,49.2617,-1.97545
340,-18.8021,-45.3182,49.0638,-1.96407
341,-18.2088,-45.3502,48.8692,-1.95261
342,-17.6143,-45.3792,48.6779,-1.94105
343,-17.0186,-45.4052,48.4899,-1.92941
344,-16.4218,-45.4282,48.3052,-1.91767
345,-15.8238,-45.448,48.1239,-1.90584
346,-15.2248,-45.4646,47.946,-1.89393
347,-14.6246,-45.478,47.7716,-1.88193
348,-14.0234,-45.488,47.6006,-1.86984
349,-13.4211,-45.4947,47.433,-1.85766
350,-12.8178,-45.498,47.269,-1.8454
351,-12.2135,-45.4977,47.1085,-1.83306
352,-11.6083,-45.4939,46.9515,-1.82063
353,-11.0022,-45.4865,46.7981,-1.80812
354,-10.3951,-45.4754,46.6483,-1.79552
355,-9.78718,-45.4606,46.5022,-1.78285
356,-9.17844,-45.4419,46.3596,-1.7701
357,-8.56894,-45.4195,46.2207,-1.75727
358,-7.95866,-45.3931,46.0855,-1.74436
359,-7.34771,-45.3628,45.954,-1.73138
360,-6.73607,-45.3284,45.8262,-1.71832
361,-6.12385,-45.29,45.7022,-1.7052
362,-5.51108,-45.2475,45.5819,-1.692
363,-4.89778,-45.2008,45.4654,-1.67873
364,-4.28404,-45.1498,45.3526,-1.6654
365,-3.66987,-45.0946,45.2437,-1.652
366,-3.05535,-45.0351,45.1387,-1.63854
367,-2.44053,-44.9713,45.0374,-1.62501
368,-1.82547,-44.903,44.9401,-1.61143
369,-1.21022,-44.8303,44.8466,-1.59779
370,-0.594843,-44.7531,44.757,-1.58409
371,0.0205986,-44.6714,44.6714,-1.57034
372,0.636032,-44.5851,44.5896,-1.55653
373,1.25147,-44.4942,44.5118,-1.54268
374,1.86679,-44.3988,44.438,-1.52878
375,2.48183,-44.2986,44.3681,-1.51483
376,3.09665,-44.1938,44.3022,-1.50084
377,3.71112,-44.0843,44.2402,-1.48681
378,4.32523,-43.9701,44.1823,-1.47274
379,4.93885,-43.8511,44.1284,-1.45864
380,5.55196,-43.7274,44.0785,-1.4445
381,6.16445,-43.5989,44.0326,-1.43034
382,6.77631,-43.4656,43.9907,-1.41614
383,7.3874,-43.3276,43.9529,-1.40192
384,7.99768,-43.1847,43.9191,-1.38767
385,8.60709,-43.0371,43.8893,-1.37341
386,9.21552,-42.8846,43.8636,-1.35912
387,9.82293,-42.7274,43.842,-1.34483
388,10.4293,-42.5654,43.8244,-1.33051
389,11.0344,-42.3986,43.8109,-1.31619
390,11.6384,-42.227,43.8015,-1.30186
391,12.241,-42.0507,43.7961,-1.28752
392,12.8423,-41.8696,43.7948,-1.27319
393,13.4421,-41.6838,43.7976,-1.25885
394,14.0404,-41.4933,43.8044,-1.24451
395,14.6371,-41.2982,43.8153,-1.23018
396,15.2322,-41.0984,43.8303,-1.21586
397,15.8256,-40.894,43.8493,-1.20155
398,16.4172,-40.685,43.8724,-1.18726
399,17.007,-40.4714,43.8996,-1.17298
400,17.5949,-40.2534,43.9308,-1.15872
401,18.1809,-40.0309,43.9661,-1.14448
402,18.7648,-39.8039,44.0053,-1.13026
403,19.3467,-39.5726,44.0487,-1.11608
404,19.9265,-39.3369,44.096,-1.10192
405,20.5041,-39.097,44.1474,-1.08779
406,21.0795,-38.8528,44.2028,-1.07369
407,21.6526,-38.6045,44.2622,-1.05964
408,22.2235,-38.352,44.3256,-1.04562
409,22.7919,-38.0954,44.3929,-1.03164
410,23.358,-37.8348,44.4643,-1.0177
411,23.9216,-37.5703,44.5396,-1.00382
412,24.4828,-37.3019,44.6188,-0.989976
413,25.0415,-37.0297,44.702,-0.976186
414,25.5976,-36.7536,44.7891,-0.962447
415,26.1511,-36.4739,44.8801,-0.948764
416,26.7021,-36.1905,44.975,-0.935137
417,27.2504,-35.9036,45.0738,-0.921568
418,27.796,-35.6131,45.1765,-0.90806
419,28.339,-35.3192,45.283,-0.894614
420,28.8793,-35.022,45.3933,-0.881232
421,29.4168,-34.7214,45.5074,-0.867916
422,29.9516,-34.4176,45.6254,-0.854667
423,30.4837,-34.1106,45.7471,-0.841488
424,31.0131,-33.8006,45.8725,-0.82838
425,31.5396,-33.4875,46.0017,-0.815344
426,32.0634,-33.1715,46.1346,-0.802383
427,32.5843,-32.8525,46.2712,-0.789497
428,33.1026,-32.5308,46.4115,-0.776687
429,33.618,-32.2063,46.5555,-0.763956
430,34.1306,-31.8791,46.7031,-0.751304
431,34.6404,-31.5494,46.8542,-0.738733
432,35.1474,-31.2171,47.009,-0.726243
433,35.6517,-30.8823,47.1674,-0.713836
434,36.1532,-30.5451,47.3293,-0.701513
435,36.652,-30.2056,47.4947,-0.689275
436,37.148,-29.8638,47.6636,-0.677123
437,37.6412,-29.5197,47.8359,-0.665057
438,38.1317,-29.1736,48.0117,-0.653079
439,38.6195,-28.8254,48.191,-0.641189
440,39.1046,-28.4751,48.3736,-0.629388
441,39.5871,-28.1229,48.5596,-0.617676
442,40.0668,-27.7688,48.7489,-0.606055
443,40.544,-27.4129,48.9416,-0.594524
444,41.0185,-27.0552,49.1375,-0.583084
445,41.4904,-26.6957,49.3367,-0.571736
446,41.9597,-26.3346,49.5392,-0.560479
447,42.4265,-25.972,49.7448,-0.549316
448,42.8907,-25.6077,49.9537,-0.538244
449,43.3525,-25.242,50.1657,-0.527265
450,43.8118,-24.8747,50.3808,-0.516379
451,44.2686,-24.5062,50.599,-0.505588
452,44.723,-24.1362,50.8203,-0.494888
453,45.175,-23.765,51.0446,-0.484283
454,45.6246,-23.3926,51.272,-0.47377
455,46.0719,-23.0189,51.5023,-0.463351
456,46.5169,-22.6441,51.7356,-0.453026
457,46.9596,-22.2681,51.9719,-0.442793
458,47.4001,-21.8911,52.211,-0.432654
459,47.8383,-21.5131,52.453,-0.422607
460,48.2744,-21.1341,52.6978,-0.412654
461,48.7083,-20.7541,52.9455,-0.402793
462,49.14,-20.3732,53.196,-0.393024
463,49.5697,-19.9915,53.4492,-0.383348
464,49.9973,-19.6089,53.7051,-0.373763
465,50.4229,-19.2255,53.9638,-0.36427
466,50.8465,-18.8414,54.2251,-0.354867
467,51.2681,-18.4565,54.4891,-0.345555
468,51.6878,-18.0709,54.7557,-0.336334
469,52.1055,-17.6847,55.0248,-0.327201
470,52.5214,-17.2978,55.2966,-0.318158
471,52.9355,-16.9103,55.5709,-0.309205
472,53.3477,-16.5222,55.8476,-0.300339
473,53.7581,-16.1336,56.1269,-0.291561
474,54.1668,-15.7444,56.4086,-0.282871
475,54.5738,-15.3548,56.6928,-0.274267
476,54.9791,-14.9646,56.9793,-0.26575
477,55.3827,-14.574,57.2682,-0.257318
478,55.7847,-14.1831,57.5594,-0.248971
479,56.1851,-13.7916,57.853,-0.240709
480,56.5839,-13.3998,58.1488,-0.23253
481,56.9811,-13.0076,58.4469,-0.224434
482,57.3768,-12.6151,58.7473,-0.216421
483,57.7711,-12.2223,59.0498,-0.20849
484,58.1639,-11.8291,59.3546,-0.20064
485,58.5552,-11.4357,59.6615,-0.192869
486,58.9452,-11.0419,59.9705,-0.185179
487,59.3338,-10.6479,60.2816,-0.177568
488,59.721,-10.2537,60.5948,-0.170036
489,60.1069,-9.85924,60.9101,-0.162581
490,60.4914,-9.46458,61.2274,-0.155203
491,60.8747,-9.06972,61.5467,-0.147902
492,61.2568,-8.67468,61.868,-0.140676
493,61.6376,-8.27944,62.1912,-0.133525
494,62.0172,-7.88405,62.5164,-0.126448
495,62.3957,-7.48851,62.8435,-0.119445
496,62.773,-7.09281,63.1724,-0.112514
497,63.1491,-6.69696,63.5032,-0.105655
498,63.5242,-6.301,63.8359,-0.0988672
499,63.8981,-5.905,64.1704,-0.092151
500,64.271,-5.50885,64.5067,-0.0855039
501,64.6429,-5.11262,64.8447,-0.0789259
502,65.0137,-4.71629,65.1845,-0.0724161
503,65.3835,-4.31992,65.5261,-0.0659745
504,65.7523,-3.92347,65.8693,-0.0595997
505,66.1202,-3.52696,66.2142,-0.0532911
506,66.4871,-3.13042,66.5608,-0.0470484
507,66.8531,-2.73381,66.909,-0.04087
508,67.2182,-2.33715,67.2589,-0.0347555
509,67.5824,-1.94045,67.6103,-0.0287045
510,67.9458,-1.54378,67.9633,-0.0227168
511,68.3083,-1.14705,68.3179,-0.0167907
512,68.6699,-0.750323,68.674,-0.0109261
513,69.0308,-0.35358,69.0317,-0.00512201
514,69.3908,0.043126,69.3908,0.000621494
515,69.7501,0.439874,69.7515,0.00630635
516,70.1086,0.83658,70.1136,0.0119321
517,70.4663,1.23329,70.4771,0.0175001
518,70.8233,1.63,70.8421,0.0230109
519,71.1796,2.02671,71.2085,0.0284654
520,71.5352,2.42337,71.5762,0.0338637
521,71.8901,2.82002,71.9453,0.0392067
522,72.2443,3.21662,72.3158,0.0444948
523,72.5978,3.61323,72.6877,0.0497295
524,72.9507,4.00981,73.0608,0.0549108
525,73.3029,4.40635,73.4353,0.0600392
526,73.6546,4.80282,73.811,0.0651152
527,74.0056,5.19921,74.188,0.0701391
528,74.356,5.59563,74.5663,0.075113
529,74.7059,5.99198,74.9458,0.0800363
530,75.0551,6.38833,75.3265,0.0849106
531,75.4038,6.78449,75.7084,0.0897338
532,75.752,7.18066,76.0916,0.0945093
533,76.0996,7.57679,76.4758,0.0992371
534,76.4467,7.97285,76.8613,0.103917
535,76.7933,8.36879,77.2479,0.10855
536,77.1393,8.76488,77.6357,0.113139
537,77.4849,9.16081,78.0245,0.117681
538,77.83,9.55669,78.4145,0.122178
539,78.1746,9.95246,78.8056,0.12663
540,78.5187,10.3482,79.1977,0.131038
541,78.8624,10.7439,79.5909,0.135403
542,79.2056,11.1396,79.9851,0.139725
543,79.5484,11.5351,80.3804,0.144004
544,79.8908,11.9307,80.7767,0.148242
545,80.2327,12.3261,81.174,0.152438
546,80.5742,12.7215,81.5723,0.156593
547,80.9154,13.1168,81.9716,0.160708
548,81.2561,13.5121,82.3719,0.164782
549,81.5964,13.9072,82.7731,0.168817
550,81.9364,14.3023,83.1753,0.172813
551,82.276,14.6974,83.5784,0.176771
552,82.6152,15.0924,83.9824,0.18069
553,82.954,15.4873,84.3874,0.184573
554,83.2925,15.8822,84.7932,0.188418
555,83.6307,16.277,85.2,0.192227
556,83.9685,16.6717,85.6076,0.195998
557,84.306,17.0664,86.0161,0.199734
558,84.6432,17.461,86.4254,0.203436
559,84.98,17.8555,86.8356,0.207102
560,85.3165,18.25,87.2466,0.210733
561,85.6528,18.6444,87.6585,0.214331
562,85.9887,19.0387,88.0712,0.217895
563,86.3243,19.433,88.4846,0.221425
564,86.6597,19.8272,88.8989,0.224923
565,86.9947,20.2214,89.314,0.228388
566,87.3295,20.6155,89.7298,0.231821
567,87.664,21.0095,90.1464,0.235223
568,87.9983,21.4034,90.5638,0.238592
569,88.3322,21.7973,90.9819,0.241932
570,88.666,22.1911,91.4008,0.24524
571,88.9994,22.5849,91.8203,0.248519
572,89.3327,22.9786,92.2407,0.251767
573,89.6656,23.3722,92.6617,0.254986
574,89.9984,23.7658,93.0834,0.258176
575,90.3309,24.1593,93.5058,0.261336
576,90.6632,24.5527,93.9289,0.264469
577,90.9952,24.9461,94.3527,0.267574
578,91.327,25.3394,94.7772,0.27065
579,91.6587,25.7327,95.2023,0.273699
580,91.9901,26.1258,95.6281,0.276721
581,92.3213,26.519,96.0545,0.279716
582,92.6523,26.9121,96.4816,0.282685
583,92.983,27.3051,96.9093,0.285628
584,93.3136,27.6981,97.3376,0.288544
585,93.644,28.091,97.7666,0.291435
586,93.9742,28.4838,98.1962,0.294301
587,94.3043,28.8766,98.6263,0.297141
588,94.6341,29.2693,99.0571,0.299957
589,94.9638,29.662,99.4885,0.302749
590,95.2932,30.0547,99.9204,0.305517
591,95.6225,30.4473,100.353,0.308261
592,95.9517,30.8398,100.786,0.310981
593,96.2806,31.2323,101.22,0.313678
594,96.6094,31.6246,101.654,0.316352
595,96.9381,32.017,102.089,0.319003
596,97.2666,32.4093,102.524,0.321631
597,97.5949,32.8015,102.96,0.324237
598,97.9231,33.1937,103.396,0.326822
599,98.2511,33.5858,103.833,0.329384
600,98.579,33.9779,104.27,0.331925
601,98.9067,34.37,104.708,0.334445
602,99.2343,34.762,105.147,0.336944
603,99.5618,35.1539,105.586,0.339422
604,99.8891,35.5458,106.025,0.341879
605,100.216,35.9376,106.465,0.344316
606,100.543,36.3294,106.906,0.346733
607,100.87,36.7212,107.346,0.349131
608,101.197,37.1129,107.788,0.351508
609,101.524,37.5045,108.23,0.353867
610,101.85,37.8962,108.672,0.356206
611,102.177,38.2878,109.115,0.358526
612,102.503,38.6793,109.558,0.360828
613,102.829,39.0707,110.002,0.36311
614,103.155,39.4622,110.446,0.365375
615,103.481,39.8536,110.89,0.367621
616,103.807,40.2449,111.335,0.36985
617,104.133,40.6363,111.781,0.37206
618,104.458,41.0275,112.226,0.374253
619,104.784,41.4187,112.673,0.376429
620,105.109,41.8099,113.119,0.378587
621,105.434,42.2011,113.567,0.380729
622,105.76,42.5921,114.014,0.382854
623,106.085,42.9832,114.462,0.384962
624,106.41,43.3742,114.91,0.387054
625,106.735,43.7652,115.359,0.389129
626,107.06,44.1561,115.808,0.391188
627,107.384,44.547,116.258,0.393231
628,107.709,44.9378,116.707,0.395259
629,108.033,45.3286,117.158,0.39727
630,108.358,45.7194,117.608,0.399267
631,108.682,46.1101,118.059,0.401248
632,109.007,46.5009,118.511,0.403215
633,109.331,46.8915,118.962,0.405166
634,109.655,47.2822,119.414,0.407103
635,109.979,47.6728,119.867,0.409025
636,110.303,48.0633,120.32,0.410932
637,110.627,48.4539,120.773,0.412825
638,110.95,48.8444,121.226,0.414705
639,111.274,49.2348,121.68,0.416569
640,111.598,49.6253,122.134,0.41842
641,111.921,50.0156,122.589,0.420258
642,112.245,50.4059,123.043,0.422081
643,112.568,50.7963,123.499,0.423892
644,112.892,51.1866,123.954,0.425689
645,113.215,51.5769,124.41,0.427473
646,113.538,51.9671,124.866,0.429244
647,113.861,52.3573,125.322,0.431002
648,114.184,52.7475,125.779,0.432747
649,114.507,53.1376,126.236,0.434479
650,114.83,53.5277,126.693,0.4362
651,115.153,53.9178,127.151,0.437907
652,115.476,54.3078,127.609,0.439603
653,115.799,54.6978,128.067,0.441286
654,116.121,55.0878,128.526,0.442957
655,116.444,55.4778,128.985,0.444616
656,116.767,55.8677,129.444,0.446264
657,117.089,56.2575,129.903,0.4479
658,117.412,56.6475,130.363,0.449525
659,117.734,57.0373,130.823,0.451137
660,118.056,57.4272,131.283,0.452739
661,118.379,57.817,131.743,0.45433
662,118.701,58.2067,132.204,0.455909
663,119.023,58.5965,132.665,0.457478
664,119.345,58.9862,133.126,0.459036
665,119.667,59.3759,133.588,0.460583
666,119.989,59.7656,134.05,0.462119
667,120.311,60.1552,134.512,0.463645
668,120.633,60.5449,134.974,0.46516
669,120.955,60.9345,135.437,0.466665
670,121.277,61.324,135.9,0.468159
671,121.599,61.7136,136.363,0.469644
672,121.921,62.1031,136.826,0.471118
673,122.242,62.4926,137.29,0.472583
674,122.564,62.8821,137.754,0.474037
675,122.885,63.2715,138.218,0.475482
676,123.207,63.6609,138.682,0.476917
677,123.529,64.0503,139.146,0.478342
678,123.85,64.4396,139.611,0.479758
679,124.172,64.829,140.076,0.481165
680,124.493,65.2183,140.541,0.482562
681,124.814,65.6076,141.007,0.48395
682,125.136,65.9969,141.473,0.485329
683,125.457,66.3862,141.939,0.486699
684,125.778,66.7755,142.405,0.488061
685,126.099,67.1647,142.871,0.489412
686,126.42,67.5539,143.338,0.490756
687,126.742,67.9431,143.804,0.49209
688,127.063,68.3323,144.271,0.493416
689,127.384,68.7215,144.738,0.494734
690,127.705,69.1106,145.206,0.496043
691,128.026,69.4997,145.673,0.497343
692,128.346,69.8888,146.141,0.498635
693,128.667,70.2779,146.609,0.49992
694,128.988,70.6669,147.077,0.501195
695,129.309,71.0559,147.546,0.502463
696,129.63,71.445,148.014,0.503722
697,129.951,71.834,148.483,0.504974
698,130.271,72.2229,148.952,0.506218
699,130.592,72.6119,149.421,0.507454
700,130.913,73.0008,149.891,0.508681
701,131.233,73.3897,150.36,0.509902
702,131.554,73.7786,150.83,0.511115
703,131.875,74.1675,151.3,0.512321
704,132.195,74.5564,151.77,0.513519
705,132.516,74.9452,152.241,0.514709
706,132.836,75.3341,152.711,0.515893
707,133.157,75.7229,153.182,0.517069
708,133.477,76.1117,153.653,0.518237
709,133.797,76.5005,154.124,0.519399
710,134.118,76.8893,154.595,0.520553
711,134.438,77.278,155.066,0.521701
712,134.758,77.6668,155.538,0.522842
713,135.079,78.0555,156.009,0.523975
714,135.399,78.4443,156.481,0.525102
715,135.719,78.833,156.953,0.526222
716,136.039,79.2217,157.426,0.527336
717,136.36,79.6104,157.898,0.528443
718,136.68,79.9989,158.37,0.529542
719,137,80.3876,158.843,0.530636
720,137.32,80.7762,159.316,0.531723
721,137.64,81.1648,159.789,0.532803
722,137.96,81.5534,160.262,0.533878
723,138.28,81.942,160.735,0.534945
724,138.6,82.3305,161.209,0.536007
725,138.92,82.7191,161.683,0.537062
726,139.24,83.1076,162.156,0.538111
727,139.56,83.4961,162.63,0.539154
728,139.88,83.8846,163.104,0.540191
729,140.2,84.2732,163.579,0.541223
730,140.52,84.6617,164.053,0.542248
731,140.84,85.0501,164.528,0.543267
732,141.16,85.4386,165.002,0.54428
733,141.479,85.8271,165.477,0.545288
734,141.799,86.2155,165.952,0.54629
735,142.119,86.6039,166.427,0.547285
736,142.439,86.9923,166.902,0.548276
737,142.758,87.3807,167.378,0.54926
738,143.078,87.7691,167.853,0.55024
739,143.398,88.1575,168.329,0.551213
740,143.717,88.5459,168.805,0.552182
741,144.037,88.9342,169.281,0.553144
742,144.357,89.3225,169.757,0.554101
743,144.676,89.7108,170.233,0.555053
744,144.996,90.0991,170.709,0.555999
745,145.316,90.4874,171.186,0.556941
746,145.635,90.8757,171.662,0.557877
747,145.955,91.264,172.139,0.558808
748,146.274,91.6523,172.616,0.559734
749,146.594,92.0406,173.093,0.560654
750,146.913,92.4288,173.57,0.56157
751,147.233,92.817,174.047,0.56248
752,147.552,93.2052,174.525,0.563386
753,147.872,93.5934,175.002,0.564286
754,148.191,93.9816,175.48,0.565182
755,148.511,94.3698,175.958,0.566073
756,148.83,94.758,176.435,0.566959
757,149.149,95.1461,176.913,0.56784
758,149.469,95.5343,177.391,0.568716
759,149.788,95.9224,177.87,0.569588
760,150.107,96.3106,178.348,0.570455
761,150.427,96.6987,178.826,0.571318
762,150.746,97.0868,179.305,0.572176
763,151.065,97.475,179.784,0.573029
764,151.385,97.8631,180.262,0.573878
765,151.704,98.2512,180.741,0.574722
766,152.023,98.6392,181.22,0.575562
767,152.342,99.0273,181.699,0.576397
768,152.662,99.4154,182.178,0.577228
769,152.981,99.8034,182.658,0.578055
770,153.3,100.191,183.137,0.578877
771,153.619,100.58,183.617,0.579695
772,153.938,100.968,184.096,0.580509
773,154.258,101.356,184.576,0.581319
774,154.577,101.744,185.056,0.582124
775,154.896,102.132,185.536,0.582925
776,155.215,102.52,186.016,0.583722
777,155.534,102.908,186.496,0.584514
778,155.853,103.295,186.976,0.585303
779,156.172,103.683,187.457,0.586088
780,156.491,104.071,187.937,0.586869
781,156.81,104.46,188.418,0.587646
782,157.129,104.847,188.898,0.588419
783,157.448,105.235,189.379,0.589187
784,157.768,105.623,189.86,0.589952
785,158.086,106.011,190.341,0.590714
786,158.405,106.399,190.822,0.591471
787,158.724,106.787,191.303,0.592225
788,159.043,107.175,191.784,0.592974
789,159.362,107.563,192.266,0.59372
790,159.681,107.951,192.747,0.594463
791,160,108.339,193.229,0.595202
792,160.319,108.726,193.71,0.595936
793,160.638,109.114,194.192,0.596667
794,160.957,109.502,194.674,0.597395
795,161.276,109.89,195.156,0.598119
796,161.595,110.278,195.638,0.598839
797,161.914,110.666,196.12,0.599556
798,162.233,111.053,196.602,0.60027
799,162.551,111.441,197.084,0.60098
800,162.87,111.829,197.566,0.601686
801,163.189,112.217,198.049,0.602389
802,163.508,112.605,198.531,0.603089
803,163.827,112.993,199.014,0.603785
804,164.146,113.38,199.497,0.604477
805,164.464,113.768,199.979,0.605167
806,164.783,114.156,200.462,0.605853
807,165.102,114.544,200.945,0.606536
808,165.421,114.931,201.428,0.607215
809,165.739,115.319,201.911,0.607892
810,166.058,115.707,202.394,0.608565
811,166.377,116.095,202.878,0.609235
812,166.696,116.482,203.361,0.609902
813,167.015,116.87,203.844,0.610565
814,167.333,117.258,204.328,0.611225
815,167.652,117.646,204.811,0.611883
816,167.971,118.033,205.295,0.612537
817,168.289,118.421,205.779,0.613188
818,168.608,118.809,206.262,0.613836
819,168.927,119.196,206.746,0.614481
820,169.245,119.584,207.23,0.615123
821,169.564,119.972,207.714,0.615762
822,169.883,120.359,208.198,0.616398
823,170.201,120.747,208.682,0.617031
824,170.52,121.135,209.167,0.617661
825,170.839,121.522,209.651,0.618288
826,171.157,121.91,210.135,0.618913
827,171.476,122.298,210.62,0.619534
828,171.794,122.685,211.104,0.620153
829,172.113,123.073,211.589,0.620768
830,172.432,123.461,212.074,0.621381
831,172.75,123.848,212.558,0.621992
832,173.069,124.236,213.043,0.622599
833,173.387,124.624,213.528,0.623204
834,173.706,125.011,214.013,0.623805
835,174.025,125.399,214.498,0.624405
836,174.343,125.786,214.983,0.625001
837,174.662,126.174,215.468,0.625595
838,174.98,126.561,215.953,0.626187
839,175.299,126.949,216.439,0.626774
840,175.617,127.337,216.924,0.627361
841,175.936,127.724,217.409,0.627944
842,176.254,128.112,217.895,0.628525
843,176.573,128.499,218.381,0.629102
844,176.891,128.887,218.866,0.629679
845,177.21,129.274,219.352,0.630251
846,177.528,129.662,219.838,0.630822
847,177.847,130.05,220.323,0.631389
848,178.165,130.437,220.809,0.631955
849,178.484,130.825,221.295,0.632518
850,178.802,131.212,221.781,0.633078
851,179.121,131.6,222.267,0.633636
852,179.439,131.987,222.753,0.634192
853,179.758,132.375,223.239,0.634745
854,180.076,132.762,223.726,0.635296
855,180.394,133.15,224.212,0.635844
856,180.713,133.537,224.698,0.63639
857,181.031,133.925,225.185,0.636933
858,181.35,134.312,225.671,0.637475
859,181.668,134.7,226.158,0.638013
860,181.986,135.087,226.644,0.638551
861,182.305,135.475,227.131,0.639085
862,182.623,135.862,227.618,0.639617
863,182.942,136.25,228.104,0.640146
864,183.26,136.637,228.591,0.640675
865,183.578,137.025,229.078,0.641199
866,183.897,137.412,229.565,0.641723
867,184.215,137.8,230.052,0.642243
868,184.533,138.187,230.539,0.642763
869,184.852,138.575,231.026,0.643278
870,185.17,138.962,231.513,0.643793
871,185.489,139.35,232.001,0.644305
872,185.807,139.737,232.488,0.644815
873,186.125,140.124,232.975,0.645323
874,186.444,140.512,233.463,0.645828
875,186.762,140.899,233.95,0.646333
876,187.08,141.287,234.438,0.646834
877,187.398,141.674,234.925,0.647334
878,187.717,142.062,235.413,0.64783
879,188.035,142.449,235.9,0.648326
880,188.353,142.836,236.388,0.648819
881,188.672,143.224,236.876,0.64931
882,188.99,143.611,237.363,0.6498
883,189.308,143.999,237.851,0.650286
884,189.626,144.386,238.339,0.650773
885,189.945,144.773,238.827,0.651255
886,190.263,145.161,239.315,0.651736
887,190.581,145.548,239.803,0.652216
888,190.9,145.936,240.291,0.652692
889,191.218,146.323,240.779,0.653169
890,191.536,146.71,241.268,0.653641
891,191.854,147.098,241.756,0.654113
892,192.173,147.485,242.244,0.654583
893,192.491,147.872,242.732,0.65505
894,192.809,148.26,243.221,0.655518
895,193.128,148.647,243.709,0.65598
896,193.446,149.035,244.198,0.656443
897,193.764,149.422,244.686,0.656903
898,194.082,149.809,245.175,0.657361
899,194.4,150.197,245.663,0.657819
900,194.719,150.584,246.152,0.658273
901,195.037,150.971,246.641,0.658726
902,195.355,151.359,247.13,0.659178
903,195.673,151.746,247.618,0.659627
904,195.991,152.133,248.107,0.660075
905,196.31,152.521,248.596,0.660521
906,196.628,152.908,249.085,0.660965
907,196.946,153.296,249.574,0.661408
908,197.264,153.683,250.063,0.661848
909,197.582,154.07,250.552,0.662287
