elapsed_seconds,elapsed_days,earth_ssb_error_km,earth_heliocentric_error_km,saturn_ssb_error_km,saturn_heliocentric_error_km
90000,1.04166666666667,993.663549415912,993.668866121166,11.7181360073058,11.731286510056
183600,2.125,2027.80291264413,2027.81375621991,23.9050126313583,23.9318395658944
273600,3.16666666666667,3023.56240483315,3023.57855618858,35.6231853402169,35.6631590540667
367200,4.25,4061.3279344247,4061.34959425836,47.810120832363,47.8637584627257
460800,5.33333333333333,5102.04299618862,5102.07014750056,59.9971035574499,60.0643887200428
550800,6.375,6106.1933371021,6106.22574779396,71.7154101935984,71.795794111618
644400,7.45833333333333,7154.81009812561,7154.84795216879,83.9025144468388,83.9964851661684
734400,8.5,8167.88407943634,8167.9271381475,95.6209594934238,95.7279485838399
828000,9.58333333333333,9227.13743889432,9227.18587645402,107.808228605843,107.928696570312
921600,10.6666666666667,10292.834916764,10292.8886957665,119.995598619321,120.129469633848
1011600,11.7083333333333,11324.246402383,11324.3052803804,131.714331172233,131.861004003375
1105200,12.7916666666667,12404.5198627959,12404.5840043862,143.901935215177,144.061817724485
1195200,13.8333333333333,13451.1435755817,13451.2127405993,155.620913229909,155.793382009553
1288800,14.9166666666667,14548.4450102026,14548.5193614634,167.808793213812,167.994215666881
1382400,16,15655.3201120079,15655.3996128144,179.996834787818,180.195055618424
1472400,17.0416666666667,16729.1841678164,16729.2685885703,191.716252687517,191.926617400682
1566000,18.125,17856.4752948457,17856.5648037767,203.904641633825,204.127450410598
1656000,19.1666666666667,18950.9564066316,18951.050785603,215.624444686289,215.85902448079
1749600,20.25,20100.6633372852,20100.7627641445,227.813226545696,228.059830118186
1843200,21.3333333333333,21262.500453598,21262.6049186101,240.002225362433,240.260613384012
1933200,22.375,22391.4994231563,22391.6087315536,251.722628500466,251.992106947476
2026800,23.4583333333333,23578.3779056509,23578.4922597076,263.912078928229,264.192825665089
2116800,24.5,24732.190569859,24732.3097937801,275.632937830235,275.924249322452
2210400,25.5833333333333,25945.5896350081,25945.7139542396,287.822886694087,288.124890468631
2304000,26.6666666666667,27173.0127534035,27173.1422120991,300.013108326714,300.325489704286
2394000,27.7083333333333,28366.7365601361,28366.8710153695,311.734739619067,312.056790368633
2487600,28.7916666666667,29622.5277320351,29622.6674552896,323.925522791995,324.257296728832
2577600,29.8333333333333,30844.0169866354,30844.1618590426,335.647717112442,335.988509527797
2671200,30.9166666666667,32129.1392632147,32129.2895945076,347.839108984977,348.188927671671
2764800,32,33429.5156796457,33429.6715938249,360.030826291917,360.389303572652
2854800,33.0416666666667,34694.4160760244,34694.5774934632,371.753950212333,372.120400641909
2948400,34.125,36025.1644217656,36025.3317234155,383.946339398079,384.320710508975
3038400,35.1666666666667,37319.49360246,37319.6667371803,395.670130486497,396.051759271535
3132000,36.25,38681.0259521179,38681.2053587104,407.863238403606,408.252042663289
3225600,37.3333333333333,40058.3410522624,40058.5269658394,420.056727195873,420.452330403282
3315600,38.375,41397.5895060881,41397.7819242531,431.78160784077,432.183399502928
3409200,39.4583333333333,42805.91062149,42806.1100917222,443.975880248337,444.383755386026
3502800,40.5416666666667,44230.014978686,44230.2218268124,456.1705678497,456.584181127575
3592800,41.5833333333333,45614.1877288687,45614.4020122275,467.896628704786,468.315451447731
3686400,42.6666666666667,47069.0966914815,47069.3191008283,480.092162751515,480.516107096857
3776400,43.7083333333333,48482.7422000401,48482.9728411544,491.819063188544,492.247675011149
3870000,44.7916666666667,49968.1070651441,49968.3467488408,504.01549102418,504.448724859152
3963600,45.875,51468.8105071294,51469.0597764779,516.212389166072,516.650051707456
4053600,46.9166666666667,52926.1138230738,52926.37287552,527.940627023,528.382413304224
4147200,48,54456.4282126394,54456.6980898799,540.138476575455,540.584469104509
4251600,49.2083333333333,56180.7786802886,56181.0614980112,553.744366520465,554.195034628569
4356000,50.4166666666667,57923.2436278129,57923.5404019319,567.350898994877,567.806329363683
4449600,51.5,59500.5755964769,59500.8858407355,579.550421833499,580.010294221322
4539600,52.5416666666667,61030.4675306888,61030.791665607,591.281245628113,591.745634913749
4626000,53.5416666666667,62511.1272452871,62511.465657745,602.543318890346,603.012355042942
4719600,54.625,64128.1242915007,64128.479299707,614.744439727725,615.218950964695
4809600,55.6666666666667,65695.3451711466,65695.7173280108,626.476828891593,626.95713250022
4903200,56.75,67337.850478573,67338.2417951145,638.679090489489,639.166067211078
5004000,57.9166666666667,69120.6780963967,69121.091648265,651.820659184275,652.315668074805
5090400,58.9166666666667,70660.0248529222,70660.4588474766,663.08542332537,663.588088729711
5187600,60.0416666666667,72403.7779523117,72404.2365206982,675.758914764814,676.271105614638
5292000,61.25,74290.3667519822,74290.8535998681,689.371940123647,689.895473101922
5392800,62.4166666666667,76124.832937737,76125.348932286,702.516313480753,703.051884008107
5479200,63.4166666666667,77706.9533647687,77707.4957435159,713.783529869975,714.330227452401
5580000,64.5833333333333,79563.6352237522,79564.2099374784,726.929343608253,727.489879011365
5666400,65.5833333333333,81164.0072782779,81164.6109474709,738.197812631092,738.77084203369
5752800,66.5833333333333,82772.2524422915,82772.8861088567,749.466867070976,750.052861063631
5839200,67.5833333333333,84388.0116517922,84388.6762496282,760.73651160387,761.335820748738
5925600,68.5833333333333,86010.9195297876,86011.6158807723,772.006763499087,772.619613880231
6012000,69.5833333333333,87640.6037006843,87641.3325167092,783.277628800087,783.90412444062
6105600,70.6666666666667,89413.3043017125,89414.0689740696,795.488436491389,796.12970193604
6199200,71.75,91193.0294434979,91193.8305760708,807.699985689095,808.355888880849
6303600,72.9583333333333,93185.7921700583,93186.6345715498,821.321450950459,821.993406967563
6397200,74.0416666666667,94978.7498357199,94979.6297039522,833.534610068131,834.220638464734
6494400,75.1666666666667,96846.4535450464,96847.3727412637,846.218332409599,846.918611085095
6580800,76.1666666666667,98511.1278341646,98512.0823288253,857.493469583364,858.206091278342
6667200,77.1666666666667,100179.607970792,100180.598080505,868.769288954706,869.493954332794
6753600,78.1666666666667,101851.483013692,101852.509061951,880.045799159501,880.782226052049
6858000,79.375,103875.601908968,103876.671835351,893.672516012299,894.422815908007
6948000,80.4166666666667,105623.456075034,105624.564249791,905.420515608952,906.182520075188
7052400,81.625,107653.693983001,107654.847051726,919.049172107781,919.8245161573
7146000,82.7083333333333,109475.807026208,109477.000858303,931.26887110002,932.056011321492
7232400,83.7083333333333,111158.85936763,111160.091285844,942.549363088584,943.347299766534
7318800,84.7083333333333,112842.524424526,112843.794892028,953.830604895582,954.639287752474
7405200,85.7083333333333,114526.368480196,114527.677981135,965.112604186867,965.932018575262
7509600,86.9166666666667,116560.632098529,116561.989437177,978.746042959033,979.578452662968
7596000,87.9166666666667,118243.331380616,118244.728884244,990.029744503525,990.872967188555
7689600,89,120064.869575103,120066.311195004,1002.25464287234,1003.10967337003
7786800,90.125,121954.362984041,121955.851095835,1014.9507169596,1015.81814389316
7880400,91.2083333333333,123771.277594625,123772.811140242,1027.17752831972,1028.05704969517
7974000,92.2916666666667,125585.082084647,125586.661721937,1039.40529501085,1040.29708797288
8071200,93.4166666666667,127464.760266713,127466.388468252,1052.10438256514,1053.00912747076
8175600,94.625,129478.558103164,129480.239260893,1065.74532173357,1066.6642335352
8269200,95.7083333333333,131278.906728058,131280.636060644,1077.97617938048,1078.90803203579
8355600,96.7083333333333,132935.963567188,132937.737949124,1089.26709148964,1090.21109913753
8442000,97.7083333333333,134587.957542805,134589.777525216,1100.55886549533,1101.51523422436
8535600,98.7916666666667,136371.396094669,136373.266090976,1112.79260202802,1113.76259902133
8622000,99.7916666666667,138011.436613652,138013.353333304,1124.08619962315,1125.06899719306
8708400,100.791666666667,139645.068361125,139647.032327979,1135.38068595324,1136.37649580007
8805600,101.916666666667,141474.70592634,141476.72365791,1148.08805928733,1149.09875876115
8902800,103.041666666667,143295.074640834,143297.146766884,1160.79658550364,1161.82243620108
8996400,104.125,145038.695267967,145040.820350099,1173.03552295037,1174.07620493558
9090000,105.208333333333,146772.61942612,146774.798009508,1185.27554905621,1186.33129108223
9183600,106.291666666667,148496.31142152,148498.544029834,1197.51667375157,1198.58769558217
9273600,107.333333333333,150143.562276857,150145.847304627,1209.28803417382,1210.37394539434
9370800,108.458333333333,151910.870788267,151913.212923841,1222.00227024518,1223.1044661239
9464400,109.541666666667,153600.6802383,153603.077825741,1234.24676571116,1235.364830361
9561600,110.666666666667,155342.405807076,155344.861426247,1246.96341380863,1248.09813557462
9662400,111.833333333333,157133.949483359,157136.465730619,1260.15237035144,1261.3045395898
9756000,112.916666666667,158783.57361724,158786.146536941,1272.40047645851,1273.56898681507
9853200,114.041666666667,160481.859039867,160484.491159044,1285.12091664678,1286.3065197561
9939600,115.041666666667,161978.344260929,161981.029269456,1296.42905256639,1297.62993833325
10029600,116.083333333333,163523.625876186,163526.366215289,1308.20944658997,1309.42632469126
10123200,117.166666666667,165115.574842602,165118.37294901,1320.46224521185,1321.69581623267
10216800,118.25,166691.598362796,166694.454428027,1332.7162656923,1333.96657368526
10317600,119.416666666667,168370.488607126,168373.407259924,1345.91428360537,1347.18264303723
10404000,120.416666666667,169793.936862082,169796.909265646,1357.22801972102,1358.5118576492
10501200,121.541666666667,171377.615892626,171380.648838971,1369.95725276714,1371.25849299182
10598400,122.666666666667,172942.04961507,172945.143136768,1382.68785380246,1384.00646703657
10699200,123.833333333333,174543.544070668,174546.700394536,1395.89141638974,1397.22799809797
10792800,124.916666666667,176011.115706976,176014.330285131,1408.15320863586,1409.50641875424
10886400,126,177459.416597371,177462.689324993,1420.41630473994,1421.78607927151
10972800,127,178778.819145581,178782.145418411,1431.73725080592,1433.1222541312
11070000,128.125,180242.633448469,180246.019764841,1444.47466018911,1445.87672342386
11156400,129.125,181525.189702316,181528.629179791,1455.79801066523,1457.2151766165
11250000,130.208333333333,182894.452963596,182897.949768065,1468.06626579396,1469.49973576511
11350800,131.375,184345.113614549,184348.671803422,1481.27974364154,1482.7307228171
11444400,132.458333333333,185669.49735195,185673.112173345,1493.55083333006,1495.01805019513
11545200,133.625,187070.883251956,187074.558627136,1506.76741249773,1508.25213181964
11635200,134.666666666667,188299.933021303,188303.662052948,1518.56930967858,1520.06971248943
11721600,135.666666666667,189459.796965246,189463.577124938,1529.90034752513,1531.41590203916
11808000,136.666666666667,190599.74390641,190603.574808772,1541.23259005308,1542.76344183591
11894400,137.666666666667,191719.481310015,191723.362566271,1552.5660413137,1554.11239613619
11980800,138.666666666667,192818.72152939,192822.652756068,1563.90071111123,1565.46284394835
12070800,139.708333333333,193941.662451503,193945.645339738,1575.70896423109,1577.28790905935
12168000,140.833333333333,195128.75081808,195132.789088265,1588.46338629808,1590.06103147498
12258000,141.875,196203.792628657,196207.881846382,1600.27444304703,1601.89001933847
12348000,142.916666666667,197255.337754566,197259.477665672,1612.08686318494,1613.72107664285
12445200,144.041666666667,198364.274914635,198368.469382351,1624.84581806677,1626.50108148544
12549600,145.25,199524.032228661,199528.285209169,1638.55167503653,1640.23076289043
12646800,146.375,200574.270253919,200578.577783932,1651.31398529808,1653.0165104989
12736800,147.416666666667,201521.015147868,201525.373387727,1663.13240100369,1664.85778684124
12837600,148.583333333333,202551.704247394,202556.119673589,1676.37070860899,1678.1230702477
12934800,149.708333333333,203515.578360193,203520.049478189,1689.13791375131,1690.91765706216
13024800,150.75,204381.51674757,204386.040032926,1700.96089545129,1702.76713544183
13114800,151.791666666667,205221.695111559,205226.271229385,1712.78532358506,1714.61905618519
13219200,153,206163.726588971,206168.364893882,1726.50348480946,1728.37015720851
13312800,154.083333333333,206978.287916485,206982.982812469,1738.80420338317,1740.70112542587
13402800,155.125,207734.519668916,207739.269690456,1750.63332549927,1752.55972184212
13500000,156.25,208521.273248336,208526.08349915,1763.41044699449,1765.36880810648
13586400,157.25,209194.275492566,209199.139772036,1774.7693508374,1776.75598404331
13683600,158.375,209921.553923435,209926.479372442,1787.54977586942,1789.56777031081
13777200,159.458333333333,210591.814317634,210596.79887036,1799.85852333028,1801.9060134083
13863600,160.458333333333,211184.14467731,211189.183786961,1811.22191041683,1813.29581921149
13950000,161.458333333333,211751.00434722,211756.097851117,1822.58671280067,1824.68611690148
14040000,162.5,212314.245191785,212319.395018683,1834.42656214287,1836.55142199213
14133600,163.583333333333,212870.370566436,212875.578432728,1846.74165118698,1848.8916967454
14230800,164.708333333333,213415.722055464,213420.98944128,1859.53218856968,1861.70693224846
14324400,165.791666666667,213909.746628764,213915.070457788,1871.85073611473,1874.04782992355
14418000,166.875,214373.085504592,214378.46479784,1884.17100043381,1886.38903651542
14504400,167.875,214773.431300768,214778.860834597,1895.54508483786,1897.78121952799
14605200,169.041666666667,215207.179388187,215212.666284496,1908.81671749416,1911.07250852813
14691600,170.041666666667,215550.29573306,215555.83066338,1920.19401516373,1922.46544530045
14778000,171.041666666667,215866.858131046,215872.440003366,1931.57280991699,1933.85880586915
14868000,172.083333333333,216168.287347172,216173.916919253,1943.42732179738,1945.72739612288
14965200,173.208333333333,216461.274085925,216466.953765482,1956.2320430008,1958.54612516025
15058800,174.291666666667,216711.369380667,216717.095901781,1968.56433928679,1970.89079329183
15156000,175.416666666667,216937.730550331,216943.504226872,1981.37285791726,1983.71105833204
15253200,176.541666666667,217130.038952116,217135.858249379,1994.18333169091,1996.53221456645
15339600,177.541666666667,217272.344440592,217278.202988623,2005.57206301,2007.92959264768
15429600,178.583333333333,217391.883189714,217397.781311678,2017.43698905011,2019.80271717149
15530400,179.75,217490.96823386,217496.909078086,2030.72772062703,2033.10169844271
15631200,180.916666666667,217553.257789825,217559.239654462,2044.02060780005,2046.40189813811
15724800,182,217578.136246802,217584.154669024,2056.3659442773,2058.75322662042
15818400,183.083333333333,217571.268663237,217577.322159015,2068.71314916868,2071.10569013323
15915600,184.208333333333,217530.539701974,217536.628041332,2081.53723088864,2083.93449079449
16002000,185.208333333333,217465.609298562,217471.727252607,2092.9381281215,2095.33897491426
16102800,186.375,217355.707219806,217361.858101181,2106.24123005175,2108.64556897822
16207200,187.583333333333,217203.146591215,217209.329723081,2120.02178651568,2122.42898925575
16293600,188.583333333333,217047.121332959,217053.329721134,2131.42818992972,2133.83720702941
16387200,189.666666666667,216847.717714636,216853.951990282,2143.78698211804,2146.19741915085
16480800,190.75,216616.780002394,216623.038624528,2156.14772402723,2158.55903495042
16581600,191.916666666667,216332.891159949,216339.174267755,2169.46149793423,2171.87316289931
16668000,192.916666666667,216060.588306721,216066.890962707,2180.87511731816,2183.28661898494
16765200,194.041666666667,215722.376409173,215728.699458627,2193.71746124605,2196.12828361669
16851600,195.041666666667,215393.500605497,215399.840353177,2205.13468353426,2207.54447716092
16945200,196.125,215007.325404348,215013.681713949,2217.50526933996,2219.91351330292
17038800,197.208333333333,214590.176440094,214596.547712326,2229.877865794,2232.28412363766
17125200,198.208333333333,214177.733483117,214184.117137931,2241.30052319004,2243.70457420359
17218800,199.291666666667,213701.381618327,213707.777128613,2253.67702607221,2256.07829622141
17312400,200.375,213194.447582184,213200.853314741,2266.05557337477,2268.45367156841
17409600,201.5,212635.807186294,212642.221792005,2278.91239360336,2281.30680010644
17510400,202.666666666667,212022.001001736,212028.422918087,2292.24774472251,2294.6379120558
17596800,203.666666666667,211468.098994591,211474.525631073,2303.67996424969,2306.06617916369
17694000,204.791666666667,210814.487357502,210820.917582037,2316.54333675133,2318.92476862212
17780400,205.791666666667,210206.575610106,210213.007478673,2327.97934549356,2330.35623994287
17866800,206.791666666667,209573.485015154,209579.91705847,2339.41715076268,2341.78925183021
17964000,207.916666666667,208831.363684507,208837.794148999,2352.28683734834,2354.65325636461
18050400,208.916666666667,208145.315266695,208151.742731165,2363.72848441817,2366.0896107859
18136800,209.916666666667,207434.617838693,207441.040781526,2375.17195463975,2377.52757660411
18230400,211,206637.09231607,206643.508620385,2387.57111364034,2389.92055279781
18334800,212.208333333333,205713.965288428,205720.372020422,2401.40348983624,2403.7457913992
18424800,213.25,204889.999325129,204896.395939293,2413.33011442979,2415.66608601449
18518400,214.333333333333,204005.666216565,204012.050442057,2425.73593976416,2428.06518491966
18619200,215.5,203022.352990754,203028.721705166,2439.09850901007,2441.42038676638
18705600,216.5,202154.213613628,202160.567205217,2450.55417251321,2452.86967080158
18802800,217.625,201149.930155564,201156.264672299,2463.4440487146,2465.75234714996
18889200,218.625,200232.926866744,200239.242554082,2474.90372978931,2477.20565546825
18979200,219.666666666667,199253.64933864,199259.943491412,2486.84291949992,2489.13828941473
19065600,220.666666666667,198290.687422618,198296.959013976,2498.30649127292,2500.59570596168
19152000,221.666666666667,197305.586093529,197311.833227898,2509.77198076937,2512.05524183528
19238400,222.666666666667,196298.598344095,196304.819078715,2521.23940058561,2523.51698429901
19335600,223.791666666667,195139.899450858,195146.088103378,2534.14256479967,2536.41419755692
19422000,224.791666666667,194087.272900386,194093.430864228,2545.61410884298,2547.88094562329
19508400,225.791666666667,193013.591910588,193019.717093099,2557.08760390429,2559.3502220979
19602000,226.875,191827.000986578,191833.088243782,2569.51943719802,2571.77827560514
19699200,228,190569.350640775,190575.395808546,2582.43186445953,2584.68782331526
19785600,229,189430.023199589,189436.028607945,2593.91167816526,2596.16613345062
19872000,230,188270.844836069,188276.808260385,2605.39347706134,2607.64757956608
19969200,231.125,186943.412211724,186949.325746833,2618.31288355182,2620.56815864957
20066400,232.25,185591.664054223,185597.524920674,2631.23482608644,2633.49314824558
20160000,233.333333333333,184267.409394047,184273.216985423,2643.68058611381,2645.94380975214
20246400,234.333333333333,183025.715100377,183031.471382616,2655.17108648824,2657.44069358943
20343600,235.458333333333,181607.06624863,181612.762516816,2668.10032607048,2670.37938036101
20448000,236.666666666667,180058.202212224,180063.831569347,2681.99015942926,2684.28213507625
20534400,237.666666666667,178757.110089679,178762.682392761,2693.48745649919,2695.79231834648
20638800,238.875,177162.184849435,177167.686531047,2707.38277197929,2709.70578815747
20736000,240,175655.356946721,175660.791592065,2720.32250495452,2722.66480596118
20829600,241.083333333333,174184.858626987,174190.227906036,2732.78547081543,2735.14827964741
20916000,242.083333333333,172810.908739913,172816.217261437,2744.29191619044,2746.67508786164
21006000,243.125,171363.197000423,171368.442070774,2756.28002008506,2758.68556437001
21099600,244.208333333333,169840.136524702,169845.315681957,2768.75006614186,2771.17977601981
21193200,245.291666666667,168299.753835429,168304.867370304,2781.22259047157,2783.67699278745
21286800,246.375,166742.519602987,166747.567961749,2793.69760091033,2796.17683655437
21373200,247.375,165290.526887143,165295.515561918,2805.21521058485,2807.71718425945
21477600,248.583333333333,163517.958402947,163522.875614522,2819.13517046904,2821.6640203745
21564000,249.583333333333,162036.496430239,162041.355028802,2830.65750321404,2833.20785633883
21661200,250.708333333333,160354.659587963,160359.452762492,2843.62270620248,2846.19623636842
21751200,251.75,158783.527382375,158788.260387047,2855.62995653698,2858.22385029532
21837600,252.75,157263.115610771,157267.791134851,2867.15911074636,2869.77147745744
21931200,253.833333333333,155603.071193533,155607.684656447,2879.65145945089,2882.28259821955
22032000,255,153800.866508221,153805.413253652,2893.10760911006,2895.75750043889
22122000,256.041666666667,152179.595382104,152184.082554154,2905.12455868658,2907.78992102167
22208400,257.041666666667,150612.832092507,150617.261984815,2916.66307841419,2919.34219022831
22298400,258.083333333333,148970.465492681,148974.835549314,2928.68472105762,2931.37704643535
22399200,259.25,147119.083786062,147123.386538735,2942.15182285183,2944.85766434694
22489200,260.291666666667,145455.931490271,145460.173830371,2954.1785853121,2956.89540865968
22586400,261.416666666667,143649.556966882,143653.733667928,2967.17021807555,2969.89781805631
22683600,262.541666666667,141833.205395304,141837.316005831,2980.16469698543,2982.90201639513
22777200,263.625,140075.258857121,140079.305368735,2992.68059627177,2995.42633869952
22863600,264.625,138445.29140868,138449.278338658,3004.23608949662,3006.9888414633
22964400,265.791666666667,136535.455674307,136539.37258026,3017.72037151238,3020.48043009681
23050800,266.791666666667,134891.912111317,134895.768555796,3029.28079900719,3032.04641739996
23144400,267.875,133105.122696668,133108.913186214,3041.80717798264,3044.57813082334
23241600,269,131243.272205568,131246.99371344,3054.81819066568,3057.59396737715
23331600,270.041666666667,129514.112783553,129517.769989081,3066.86802698826,3069.64765589709
23421600,271.083333333333,127780.438758112,127784.031265409,3078.92037621038,3081.70329688983
23515200,272.166666666667,125973.161035468,125976.68585896,3091.45749335184,3094.24327217794
23605200,273.208333333333,124231.812629307,124235.272014242,3103.51499381389,3106.30300216128
23702400,274.333333333333,122347.789866352,122351.178213724,3116.53994693745,3119.32981791875
23792400,275.375,120600.733520854,120604.055785505,3128.60274043023,3131.3938528426
23878800,276.375,118921.68427478,118924.942850195,3140.1854244846,3142.97730872829
23983200,277.583333333333,116891.009750277,116894.191080827,3154.18432299477,3156.9766127773
24076800,278.666666666667,115069.298274444,115072.410122409,3166.7380093731,3169.53019109438
24163200,279.666666666667,113387.283821014,113390.331372647,3178.32851170839,3181.12021226323
24249600,280.666666666667,111705.296074355,111708.279207994,3189.92140894655,3192.71227506346
24336000,281.666666666667,110023.766567572,110026.68519186,3201.51670277367,3204.30639257141
24426000,282.708333333333,108273.125357555,108275.976720626,3213.59769235492,3216.3858052714
24516000,283.75,106523.935462469,106526.719533844,3225.68130262871,3228.46749215639
24609600,284.833333333333,104706.838607834,104709.552701804,3238.25104702649,3241.03488154671
24696000,285.833333333333,103031.845991346,103034.495530656,3249.85642047035,3252.63777201962
24789600,286.916666666667,101220.297217988,101222.87690439,3262.43166029759,3265.20999953666
24876000,287.916666666667,99551.3417096876,99553.8570257332,3274.04212136816,3276.81739448805
24973200,289.041666666667,97678.0198503781,97680.4629157741,3287.10682431347,3289.87833476232
25059600,290.041666666667,96017.0802082766,96019.4592332126,3298.72251042893,3301.49041092523
25153200,291.125,94222.7171230764,94225.027001685,3311.30895891229,3314.07268197917
25239600,292.125,92571.4160411219,92573.662337637,3322.92980198425,3325.68943682664
25336800,293.25,90719.9855237715,90722.1606090022,3336.00622182922,3338.7610094422
25441200,294.458333333333,88739.4358887495,88741.5349070256,3350.05478852557,3352.8041015045
25527600,295.458333333333,87107.1202374624,87109.1566644857,3361.68395371931,3364.42854659512
25617600,296.5,85413.7424197788,85415.7140233457,3373.80033868309,3376.53985414859
25722000,297.708333333333,83458.8651382533,83460.7620600795,3387.85876978579,3390.59222052622
25819200,298.833333333333,81648.4713755452,81650.2992916309,3400.95097418876,3403.67864440485
25923600,300.041666666667,79714.9621758782,79716.7165677709,3415.01655016283,3417.73791182793
26017200,301.125,77991.6518466176,77993.3408617728,3427.63022831328,3430.34588918077
26103600,302.125,76409.8465148576,76411.4756476478,3439.27628577361,3441.98668635196
26197200,303.208333333333,74706.3172514279,74707.8820216556,3451.89574092903,3454.60049220427
26290800,304.291666666667,73013.6948067146,73015.1957441251,3464.51821548917,3467.21742531242
26377200,305.291666666667,71461.3075390315,71462.7500167585,3476.1724182055,3478.86666516676
26463600,306.291666666667,69918.8714553448,69920.2559037829,3487.82920904238,3490.51870049844
26553600,307.333333333333,68323.0731107522,68324.3975466547,3499.97445885283,3502.65929005309
26650800,308.458333333333,66612.4842479889,66613.7443296705,3513.09449826551,3515.77473199149
26744400,309.541666666667,64978.2477427616,64979.4462525973,3525.73173011293,3528.40807853685
26830800,310.541666666667,63481.3400238631,63482.4819889549,3537.39959346327,3540.07293966106
26917200,311.541666666667,61995.8520018282,61996.9376377552,3549.07008201306,3551.74110406319
27003600,312.541666666667,60522.0326128273,60523.0620622014,3560.74320350217,3563.41270792922
27093600,313.583333333333,58999.4686179126,59000.4396007723,3572.90551130787,3575.57444646057
27190800,314.708333333333,57369.9059831212,57370.8137705911,3586.04403725525,3588.71372075937
27288000,315.833333333333,55756.0150459313,55756.8594398407,3599.18593085069,3601.8580200685
27381600,316.916666666667,54216.9739796096,54217.7569926406,3611.84427246534,3614.52049560477
27478800,318.041666666667,52634.6465961825,52635.3653610845,3624.99279481224,3627.67547490977
27579600,319.208333333333,51011.0827036488,51011.7341273961,3638.63188980519,3641.3239068995
27680400,320.375,49405.434247448,49406.0174450021,3652.27465116858,3654.97901984964
27766800,321.375,48043.5791035192,48044.1030202321,3663.97137158765,3666.68896390905
27860400,322.458333333333,46583.3881175357,46583.8469193526,3676.64587294905,3679.38075158719
27946800,323.458333333333,45249.6070056913,45250.0048696797,3688.34823839508,3691.101958036
28044000,324.583333333333,43765.3672128193,43765.6956277279,3701.51665041147,3704.29499586278
28134000,325.625,42406.4970567575,42406.760454673,3713.71270294429,3716.51712809686
28238400,326.833333333333,40848.8541069034,40849.0415073548,3727.86384665555,3730.70241086853
28335600,327.958333333333,39416.6725256094,39416.7889942349,3741.04265963229,3743.91658017571
28436400,329.125,37949.8241680075,37949.8674144498,3754.7132625048,3757.62716656608
28522800,330.125,36707.3979601891,36707.3791813088,3766.43391779323,3769.3844480817
28616400,331.208333333333,35376.8835028174,35376.7988225965,3779.13441894387,3782.12666716298
28717200,332.375,33961.9049045625,33961.7513955476,3792.81553799559,3795.85455102809
28803600,333.375,32763.7322340073,32763.5220215176,3804.54523805859,3807.62539411697
28897200,334.458333333333,31480.8628599019,31480.5941285639,3817.25556557351,3820.38092889054
28987200,335.5,30262.0483257997,30261.7266322577,3829.48013578701,3832.64918138294
29084400,336.625,28961.7342099256,28961.3594183033,3842.68610553434,3845.90214959506
29174400,337.666666666667,27772.3516527794,27771.9318597946,3854.91703800791,3858.17611766275
29264400,338.708333333333,26596.7930291325,26596.3325422231,3867.15103830634,3870.45244847204
29358000,339.791666666667,25388.6144169728,25388.1164544743,3879.87766201351,3883.22216113063
29448000,340.833333333333,24240.4761970847,24239.9470991653,3892.11794779538,3895.50285721937
29534400,341.833333333333,23150.5093296315,23149.9550698461,3903.87153334487,3907.29422717916
29620800,342.833333333333,22072.2590772946,22071.6844930328,3915.62797664606,3919.08743733202
29707200,343.833333333333,21005.4325659654,21004.8427203963,3927.38728507753,3930.88249369059
29800800,344.916666666667,19862.2356331717,19861.6352777176,3940.12977605521,3943.66258449092
29887200,345.916666666667,18818.1941016966,18817.5899564202,3951.89507441184,3955.4615858756
29973600,346.916666666667,17784.5667272216,17783.9648933265,3963.66325796505,3967.26255354352
30067200,348,16676.1383874992,16675.546562269,3976.41539094694,3980.04922249292
30153600,349,15663.0371279126,15662.4622096337,3988.18961335289,3991.85447473382
30240000,350,14659.2022065259,14658.6524854339,3999.9667471091,4003.66187574323
30330000,351.041666666667,13622.9740157674,13622.4606452465,4012.23769745985,4015.96359685446
30416400,352.041666666667,12636.8476878635,12636.3805575966,4024.02079500527,4027.77555470924
30506400,353.083333333333,11618.2292183487,11617.8244205511,4036.2979695372,4040.08213037763
30610800,354.291666666667,10447.0965435086,10446.7866025429,4050.54348580172,4054.3609610689
30700800,355.333333333333,9446.12599832289,9445.92284684933,4062.82755768032,4066.67311225874
30805200,356.541666666667,8294.67190412985,8294.63193131424,4077.08109826828,4080.95852534775
30898800,357.625,7271.11217429709,7271.26870567264,4089.86381328788,4093.76920758982
30996000,358.75,6217.37839480149,6217.81355807774,4103.14186082449,4107.07571381707
31082400,359.75,5289.64968919773,5290.43050770797,4114.94773354445,4118.9063985009
31176000,360.833333333333,4296.85652643043,4298.18387803522,4127.74079888554,4131.72583971451
31266000,361.875,3360.66304906179,3362.81799511462,4140.04513671178,4144.05505137318
31363200,363,2389.84526858351,2393.58091838426,4153.3374774827,4157.3737224159
31453200,364.041666666667,1589.49272082827,1596.09921341282,4165.64859688279,4169.70872694804
31539600,365.041666666667,1120.4192690142,1131.13826980418,4177.47035194845,4181.5529615922
31640400,366.208333333333,1407.03192498629,1416.87120467183,4191.26622364477,4195.37449486939
31726800,367.208333333333,2120.05169729672,2127.33946196586,4203.09454039134,4207.22431545258
31827600,368.375,3106.05347462669,3111.6339040669,4216.89808473516,4221.05236209711
31914000,369.375,3997.44109198467,4002.18466438873,4228.73299562098,4232.90776183967
32004000,370.416666666667,4947.09707167329,4951.27690645987,4241.06427662987,4245.25986910548
32094000,371.458333333333,5910.05266775869,5913.84547441164,4253.39888067604,4257.61475984597
32187600,372.541666666667,6921.9262100253,6925.42931816119,4266.23040200701,4270.46679190611
32284800,373.666666666667,7982.23659323274,7985.51657424167,4279.55926484727,4283.81630361301
32378400,374.75,9011.84215822694,9014.95757241053,4292.39815721858,4296.67443666922
32468400,375.791666666667,10009.7038564731,10012.6939556174,4304.74666685532,4309.04083647873
32562000,376.875,11055.8390084108,11058.7240848977,4317.5926869187,4321.90481246321
32662800,378.041666666667,12192.3657322927,12195.1596113806,4331.4309244428,4335.76162951209
32749200,379.041666666667,13175.1101280045,13177.8399984118,4343.2956595168,4347.64165203648
32835600,380.041666666667,14166.1619765609,14168.8383992758,4355.16353260344,4359.52421342533
32932800,381.166666666667,15291.5045576108,15294.1313242209,4368.51861618925,4372.89509545495
33037200,382.375,16513.094282744,16515.6780649371,4382.86738893452,4387.25997073573
33138000,383.541666666667,17705.8544173498,17708.4053360248,4396.72573254429,4401.13300365492
33228000,384.583333333333,18782.3523060304,18784.88012409,4409.10287974718,4413.52255240004
33328800,385.75,20001.477394156,20003.9855544603,4422.9693552191,4427.40212078153
33415200,386.75,21058.1556384602,21060.651699483,4434.85833899415,4439.30166325983
33505200,387.791666666667,22170.736200511,22173.2239582294,4447.24607454583,4451.69975708654
33602400,388.916666666667,23386.332209321,23388.8156127509,4460.62870853389,4465.09286307501
33706800,390.125,24708.6352380722,24711.1190059616,4475.0071465299,4479.48175405856
33796800,391.166666666667,25862.7553679372,25865.2434595452,4487.40609618024,4491.88909061064
33897600,392.333333333333,27171.3428735469,27173.8400741678,4501.29704751645,4505.78880067366
33998400,393.5,28497.1464143164,28499.6571380695,4515.19237355649,4519.69228409898
34084800,394.5,29647.4927923803,29650.0185816784,4527.10614524233,4531.61263598227
34189200,395.708333333333,31054.9346085519,31057.4828723795,4541.50625996494,4546.02029642627
34293600,396.916666666667,32481.7220317556,32484.2974745172,4555.91110180922,4560.43237719766
34387200,398,33777.5528041972,33780.1566735078,4568.82981465906,4573.35746128661
34484400,399.125,35140.0351619044,35142.672702678,4582.24944018305,4586.78374859752
34570800,400.125,36365.6118859515,36368.2830030895,4594.18145878267,4598.72188134685
34657200,401.125,37604.8883604319,37607.596592891,4606.11674575855,4610.66362438991
34743600,402.125,38857.9107740071,38860.6597819258,4618.05530702607,4622.60915793554
34837200,403.208333333333,40230.8934206147,40233.6908928712,4630.99245103402,4635.55466232634
34938000,404.375,41727.5715475043,41730.4264222188,4644.92907639283,4649.50153279703
35028000,405.416666666667,43079.7146525342,43082.6255564007,4657.37628097043,4661.95926373972
35121600,406.5,44501.731401574,44504.7055786584,4670.32517251514,4674.92079046217
35211600,407.541666666667,45884.1691701463,45887.2092050448,4682.77969182839,4687.38937430044
35298000,408.541666666667,47225.1712386535,47228.2793074612,4694.73941481773,4699.36462971335
35391600,409.625,48693.1390708162,48696.326340767,4707.6995317613,4712.34409287587
35488800,410.75,50234.1733970338,50237.4491293743,4721.16225089248,4725.82994866413
35589600,411.916666666667,51849.9688637146,51853.3431390011,4735.12805343829,4739.82326422224
35676000,412.916666666667,53249.1025205153,53252.5667944725,4747.10236578608,4751.82412642953
35766000,413.958333333333,54720.2619905385,54723.8253801781,4759.57917154218,4764.33152256378
35863200,415.083333333333,56324.6293348487,56328.3057433138,4773.05821424811,4777.84687447053
35967600,416.291666666667,58065.4900196644,58069.2943747342,4787.54044884602,4792.37162529125
36061200,417.375,59641.5186352549,59645.4430420197,4800.52870881288,4805.40072606845
36151200,418.416666666667,61170.2667408618,61174.3108829607,4813.0211625526,4817.93444733335
36237600,419.416666666667,62649.9178264656,62654.0804312206,4825.01737851052,4829.97168291726
36324000,420.416666666667,64141.126347834,64145.4104062257,4837.01698919391,4842.01323064422
36414000,421.458333333333,65706.4791892982,65710.8924576547,4849.52020218827,4854.5606046203
36507600,422.541666666667,67347.1222374848,67351.6722869695,4862.52746834271,4867.61377442956
36604800,423.666666666667,69064.1668745699,69068.861032581,4876.03925859468,4881.17264916543
36698400,424.75,70730.0410770802,70734.8755526156,4889.05470479222,4894.2323970801
36784800,425.75,72278.2541325555,72283.2191690423,4901.07253428832,4906.28988196798
36878400,426.833333333333,73966.4714852967,73971.5788285993,4914.09572882381,4919.35441767998
36975600,427.958333333333,75731.2903919122,75736.5462587911,4927.62409279584,4932.92370878817
37072800,429.083333333333,77507.5387054335,77512.9437054212,4941.15682006007,4946.49517166275
37159200,430.083333333333,79095.6336165041,79101.1716209363,4953.18958620003,4958.56046779359
37256400,431.208333333333,80892.1512236352,80897.8393222578,4966.73058732195,4972.13591207504
37350000,432.291666666667,82631.5956879716,82637.4287876097,4979.77421976987,4985.21058693003
37443600,433.375,84379.8585461811,84385.8371289485,4992.82193238896,4998.28731786987
37530000,434.375,86001.0578555964,86007.1711928075,5004.8696050674,5010.36005120227
37627200,435.5,87832.9347342805,87839.2002492444,5018.4274105055,5023.94416624493
37728000,436.666666666667,89741.0704148021,89747.4944499961,5032.49203438097,5038.0340860518
37814400,437.666666666667,91382.9655299338,91389.5260587031,5044.55122370161,5050.11344469622
37908000,438.75,93167.8143177046,93174.52340374,5057.61930999863,5063.20190485679
37994400,439.75,94820.5938982618,94827.440783956,5069.68582306931,5075.28594526982
38080800,440.75,96477.9741745276,96484.9595298482,5081.75586298625,5087.37236050482
38185200,441.958333333333,98486.1966355894,98493.350230746,5096.34520699149,5101.98005195791
38278800,443.041666666667,100291.278190933,100298.583498208,5109.42970396468,5115.07974419845
38365200,444.041666666667,101960.89767751,101968.343769937,5121.51139315971,5127.17447148389
38462400,445.166666666667,103842.574510896,103850.179839629,5135.10754470629,5140.78422121621
38552400,446.208333333333,105587.533175896,105595.286743873,5147.7005948328,5153.3889045436
38638800,447.208333333333,107264.64653174,107272.543118976,5159.79356778143,5165.49222109099
38732400,448.291666666667,109083.17397506,109091.226263974,5172.89831942797,5178.60730607995
38836800,449.5,111112.904882181,111121.131742158,5187.52011637697,5193.23960150676
38923200,450.5,112793.249460361,112801.621481134,5199.62487166937,5205.35225469245
39016800,451.583333333333,114613.660044509,114622.189987656,5212.74240933775,5218.47756445579
39114000,452.708333333333,116503.542813863,116512.237438725,5226.36894575845,5232.11132930529
39200400,453.708333333333,118182.472686852,118191.314238199,5238.4852602307,5244.233361722
39294000,454.791666666667,119999.755141159,120008.756389042,5251.61534402554,5257.36889915634
39394800,455.958333333333,121954.389638295,121963.563415648,5265.76018332246,5271.51875802746
39484800,457,123696.906700509,123706.234942865,5278.39367574521,5284.15598844802
39582000,458.125,125575.377550421,125584.87299277,5292.04227561872,5297.80783807949
39668400,459.125,127241.632052797,127251.276387413,5304.17823351069,5309.94599715841
39762000,460.208333333333,129042.497412851,129052.30326746,5317.32963646599,5323.09905126527
39848400,461.208333333333,130700.448351117,130710.40344263,5329.47319669773,5335.24345391306
39942000,462.291666666667,132491.288028436,132501.40487555,5342.63284811116,5348.40327335989
40039200,463.416666666667,134344.618321877,134354.903154667,5356.30319298589,5362.07296450742
40143600,464.625,136327.279486944,136337.74465687,5370.99133485205,5376.75945369361
40230000,465.625,137961.336539194,137971.950801758,5383.15110201673,5388.91709988146
40320000,466.666666666667,139656.460274844,139667.229619165,5395.82144559674,5401.584500403
40410000,467.708333333333,141343.936006815,141354.86012936,5408.49579313941,5414.25514865626
40503600,468.791666666667,143090.27125606,143101.355941714,5421.68136479386,5427.4360635451
40593600,469.833333333333,144760.629407789,144771.868008174,5434.3638993722,5440.1133360102
40680000,470.833333333333,146355.592559232,146366.978405696,5446.54292130867,5452.28657903712
40770000,471.875,148007.610595618,148019.149210852,5459.23335698855,5464.970235495
40870800,473.041666666667,149845.901237673,149857.610110881,5473.45144245339,5479.17980938603
40960800,474.083333333333,151476.025256872,151487.885301346,5486.15045087723,5491.87040210982
41047200,475.083333333333,153030.545912197,153042.550250121,5498.34531360338,5504.05646975766
41133600,476.083333333333,154574.463900685,154586.611642592,5510.5439199886,5516.24559192886
41234400,477.25,156361.756366606,156374.070190024,5524.78036518596,5530.47012362279
41324400,478.291666666667,157944.36357592,157956.824483094,5537.49579738963,5543.17417587609
41428800,479.5,159763.975123868,159776.605114954,5552.25081394829,5557.91516130498
41522400,480.583333333333,161379.993949566,161392.774037643,5565.48412979717,5571.13519515997
41608800,481.583333333333,162858.362339158,162871.279648239,5577.7034300862,5583.34170400867
41709600,482.75,164566.399135663,164579.474838906,5591.96405708927,5597.58684949931
41806800,483.875,166195.825087083,166209.051719932,5605.72025775274,5611.32766165623
41900400,484.958333333333,167748.044586672,167761.414819739,5618.97150736691,5624.56379171385
41997600,486.083333333333,169341.937082163,169355.454583447,5632.73714368867,5638.31356867435
42084000,487.083333333333,170742.886951619,170756.533745834,5644.97731096722,5650.53965352032
42177600,488.166666666667,172243.312332593,172257.097473621,5658.24179664716,5663.78908377531
42271200,489.25,173725.32812321,173739.249836645,5671.51076480273,5677.0434243257
42361200,490.291666666667,175132.559310034,175146.610709852,5684.2736243066,5689.79285924487
42447600,491.291666666667,176466.723135354,176480.897590558,5696.52988265802,5702.03705954612
42534000,492.291666666667,177784.097792952,177798.393977775,5708.78998024166,5714.28616132686
42620400,493.291666666667,179084.3387739,179098.755480004,5721.05391852758,5726.54043209018
42710400,494.333333333333,180420.170026773,180434.711152462,5733.83294849186,5739.31110739168
42800400,495.375,181736.660445799,181751.325048976,5746.61616417016,5752.08804216528
42894000,496.458333333333,183084.89071256,183099.682995554,5759.91514838694,5765.38304444674
42991200,497.583333333333,184461.960169655,184476.884579471,5773.73043296358,5779.19731520597
43092000,498.75,185864.780746784,185879.842083178,5788.06257428388,5793.53212752796
43178400,499.75,187046.360956826,187061.539916617,5800.35147101752,5805.82655662323
43272000,500.833333333333,188304.324171305,188319.631162376,5813.6688289784,5819.15343053899
43369200,501.958333333333,189585.963564375,189601.4045131,5827.50322918609,5833.0016264445
43462800,503.041666666667,190795.957123949,190811.528306973,5840.82990720415,5846.34525704145
43549200,504.041666666667,191891.499509696,191907.192148103,5853.13552175527,5858.66950509051
43642800,505.125,193054.846531329,193070.672165787,5866.47102165209,5872.02807105169
43747200,506.333333333333,194323.187390196,194339.16306521,5881.35065892778,5886.93636551357
43848000,507.5,195518.10599451,195534.228035812,5895.72263961957,5901.33818737069
43948800,508.666666666667,196683.435724298,196699.705252281,5910.09997333579,5915.74665214412
44038800,509.708333333333,197698.57189321,197714.973667437,5922.94140576512,5928.61627306996
44125200,510.708333333333,198650.339713331,198666.868558542,5935.27320422414,5940.97491347543
44218800,511.791666666667,199655.968984642,199672.635167146,5948.63711332766,5954.36710261255
44305200,512.791666666667,200560.490558622,200577.282796794,5960.97715418241,5966.73207025438
44391600,513.791666666667,201441.970718714,201458.887930168,5973.32115398991,5979.09951730136
44485200,514.875,202370.643537866,202387.694497281,5986.69829690945,5992.50008665303
44578800,515.958333333333,203271.730629457,203288.913225208,6000.08011281054,6005.90304391772
44668800,517,204111.89568968,204129.202525701,6012.95164202449,6018.79260824455
44762400,518.083333333333,204958.10093169,204975.534247383,6026.34262127218,6032.19989147346
44852400,519.125,205745.023900776,205762.575966231,6039.22297873766,6045.09356337926
44946000,520.208333333333,206535.3848484,206553.057228051,6052.62314955693,6058.50516971724
45039600,521.291666666667,207296.927254164,207314.71653402,6066.0280169615,6071.91909846826
45129600,522.333333333333,208001.793026139,208019.691369422,6078.92174596541,6084.81940666878
45223200,523.416666666667,208706.161281411,208724.169481881,6092.33584256628,6098.23825432604
45313200,524.458333333333,209355.65738795,209373.767723383,6105.23846032834,6111.14355998573
45406800,525.541666666667,210002.045613159,210020.258483759,6118.66181451534,6124.56789622553
45500400,526.625,210618.584505728,210636.896121463,6132.08989885306,6137.995258315
45590400,527.666666666667,211183.088581532,211201.491551601,6145.00598520169,6150.90917703097
45684000,528.75,211740.547665098,211759.041897086,6158.44336958568,6164.34290852679
45777600,529.833333333333,212267.636492724,212286.218163473,6171.88550619516,6177.78009624777
45867600,530.875,212745.666582452,212764.32872521,6184.81512433991,6190.70384875864
45961200,531.958333333333,213212.739105514,213231.481196299,6198.26660182479,6204.14818614025
46051200,533,213632.80077441,213651.616146031,6211.20521611727,6217.07903359287
46144800,534.083333333333,214039.334778583,214058.222634324,6224.66606349987,6230.53096176406
46238400,535.166666666667,214414.829086775,214433.785634094,6238.1316937701,6243.98690435683
46328400,536.208333333333,214746.509236898,214765.528265035,6251.08393320079,6256.92918163615
46422000,537.291666666667,215060.813442527,215079.893746669,6264.55896920919,6270.39325774897
46512000,538.333333333333,215333.480448436,215352.616116527,6277.52026741104,6283.34350528538
46605600,539.416666666667,215586.242733123,215605.432287793,6291.00473748328,6296.81601055316
46699200,540.5,215807.515075215,215826.754756585,6304.49402456596,6310.29290848309
46789200,541.541666666667,215990.518236503,216009.802573821,6317.46904170625,6323.25566048949
46882800,542.625,216149.836650356,216169.163747059,6330.96779752938,6336.74133924332
46972800,543.666666666667,216273.170895921,216292.535566521,6343.95193134673,6349.71262860391
47066400,544.75,216370.350924241,216389.750987956,6357.46018279246,6363.20727711826
47160000,545.833333333333,216435.806554794,216455.238252904,6370.97328548251,6376.7065604959
47250000,546.875,216468.811004854,216488.26957191,6383.97123247663,6389.69104346451
47343600,547.958333333333,216471.997932155,216491.480746403,6397.49386603914,6403.19951713181
47437200,549.041666666667,216443.439678228,216462.942962984,6411.02136465349,6416.7127185856
47527200,550.083333333333,216386.054353352,216405.573750833,6424.03317279696,6429.71066935528
47620800,551.166666666667,216295.272143982,216314.804574425,6437.57024351024,6443.23323198172
47710800,552.208333333333,216178.104068202,216197.645437015,6450.59126631863,6456.24022696182
47804400,553.291666666667,216025.213891117,216044.760803816,6464.13793340607,6469.77223815447
47898000,554.375,215840.725681181,215860.274294669,6477.68950171604,6483.30909545186
47988000,555.416666666667,215633.585434295,215653.132040108,6490.72448547286,6496.32989320208
48081600,556.5,215387.282689758,215406.823396621,6504.28568797096,6509.87631096227
48171600,557.541666666667,215120.829462141,215140.36080873,6517.32994890479,6522.90633602164
48265200,558.625,214812.987723166,214832.505471079,6530.90081499297,6536.4623875435
48358800,559.708333333333,214473.902649708,214493.402826886,6544.47661669014,6550.02337797389
48448800,560.75,214118.489451834,214137.96895416,6557.53492868797,6563.067464768
48542400,561.833333333333,213718.423013264,213737.877042971,6571.12042735618,6576.63820244385
48632400,562.875,213304.589482977,213324.015159956,6584.18807958631,6589.69171206204
48726000,563.958333333333,212844.009464701,212863.401591814,6597.78330288946,6603.27230344062
48819600,565.041666666667,212352.783057716,212372.137437166,6611.38349348397,6616.85797000269
48909600,566.083333333333,211851.687718278,211871.001785949,6624.46529041199,6629.92593796019
49003200,567.166666666667,211300.787888427,211320.055789798,6638.07524420738,6643.52169599876
49096800,568.25,210719.70662587,210738.92396275,6651.69018400966,6657.12268539864
49186800,569.291666666667,210132.672673966,210151.837168527,6664.78617894014,6670.20556224324
49280400,570.375,209492.898002472,209512.003065376,6678.41091738252,6683.81704579279
49370400,571.416666666667,208849.769298246,208868.81282619,6691.51634621525,6696.91019503793
49464000,572.5,208152.027170489,208171.002041753,6705.15090903226,6710.53258764707
49557600,573.583333333333,207425.034064077,207443.935424905,6718.79049003371,6724.16075159767
49647600,574.625,206698.618051744,206717.444053149,6731.9102099548,6737.27036099872
49741200,575.708333333333,205914.884174269,205933.626835089,6745.55965122885,6750.91038005916
49831200,576.75,205134.335860852,205152.993515302,6758.68886185995,6764.03179071286
49924800,577.833333333333,204294.766320987,204313.330409381,6772.34818372376,6777.68456296603
50018400,578.916666666667,203427.103428087,203445.568607825,6786.01254975738,6791.34426260915
50108400,579.958333333333,202566.563724437,202584.928703367,6799.15612941257,6804.48543580294
50202000,581.041666666667,201644.56677632,201662.822214752,6812.83041298002,6818.15972629336
50292000,582.083333333333,200732.291832452,200750.43682395,6825.98353883396,6831.31562191604
50385600,583.166666666667,199757.034108235,199775.05896715,6839.66776302333,6845.00598329671
50479200,584.25,198755.054625774,198772.954103108,6853.35705447626,6858.70512418822
50569200,585.291666666667,197766.692336491,197784.466488996,6866.52461925292,6871.88601249244
50662800,586.375,196713.17582255,196730.814955597,6880.22387798779,6885.60346192596
50752800,587.416666666667,195675.834130905,195693.339280365,6893.40104765832,6898.80253847634
50846400,588.5,194571.992823779,194589.354758119,6907.11031028997,6912.53934566894
50940000,589.583333333333,193442.983017157,193460.198332041,6920.82468037547,6926.28616456887
51030000,590.625,192333.978982958,192351.050683547,6934.01639600424,6939.51361717479
51123600,591.708333333333,191156.599400596,191173.519646065,6947.74080275094,6953.27965929056
51213600,592.75,190001.74155033,190018.514773023,6960.9421846424,6966.52498725878
51307200,593.833333333333,188777.371981055,188793.991485923,6974.67665720087,6980.30868082196
51400800,594.916666666667,187529.5975624,187546.063107574,6988.41626974027,6994.10041410033
51490800,595.958333333333,186308.097580856,186324.415331041,7001.63228165098,7007.36854816439
51584400,597.041666666667,185015.527371191,185031.692047669,7015.38198353245,7021.17374302974
51678000,598.125,183700.700093384,183716.712602553,7029.13684094335,7034.9845912239
51768000,599.166666666667,182415.825492194,182431.692669905,7042.36753262872,7048.26886454287
51861600,600.25,181058.506163955,181074.223237881,7056.13252022219,7062.08863227054
51951600,601.291666666667,179733.529606683,179749.103275363,7069.37296082036,7075.38028692619
52045200,602.375,178335.302527468,178350.727860589,7083.14809551401,7089.20669492923
52138800,603.458333333333,176916.846565689,176932.124169279,7096.92841267722,7103.03589006766
52228800,604.5,175534.272074073,175549.407966278,7110.18361113879,7116.33558198267
52322400,605.583333333333,174077.399023023,174092.387625843,7123.97411454315,7130.16959343874
52412400,606.625,172658.705534325,172673.55235443,7137.23911769972,7143.47369520356
52506000,607.708333333333,171165.136077587,171179.835032815,7151.0398259763,7157.31220432189
52599600,608.791666666667,169653.5385127,169668.088953843,7164.84574942066,7171.15304534924
52689600,609.833333333333,168183.513592926,168197.920426714,7178.12559910906,7184.46381883466
52783200,610.916666666667,166637.917769179,166652.174240336,7191.94176508369,7198.30948615209
52876800,612,165075.695860245,165089.800790083,7205.76316067136,7212.15778745189
52966800,613.041666666667,163558.329827587,163572.287819609,7219.05790216523,7225.47607042891
53060400,614.125,161964.901876869,161978.705687141,7232.88957171733,7239.32992694558
53150400,615.166666666667,160418.4344642,160432.088643604,7246.19419873188,7252.6537990217
53244000,616.25,158795.689272645,158809.186353699,7260.036160599,7266.51372612884
53337600,617.333333333333,157158.735214071,157172.073655891,7273.88337791508,7280.37693737686
53427600,618.375,155571.810895293,155584.995334275,7287.20297109959,7293.71015597059
53521200,619.458333333333,153908.455886059,153921.478640498,7301.06051411454,7307.58014796537
53611200,620.5,152297.094405929,152309.960245463,7314.39004814219,7320.92008657367
53704800,621.583333333333,150609.322068273,150622.023235406,7328.25794063287,7334.79725802699
53798400,622.666666666667,148909.878604352,148922.413625734,7342.13111791476,7348.67822319192
53888400,623.708333333333,147265.28602422,147277.659943341,7355.47569888435,7362.02895505676
53982000,624.791666666667,145544.494357924,145556.69938202,7369.35925678037,7375.9175843942
54075600,625.875,143813.613502059,143825.64831556,7383.2481156946,7389.81022306112
54165600,626.916666666667,142140.292913229,142152.162883632,7396.60779020519,7403.17236511347
54259200,628,140391.191480946,140402.888857243,7410.50706100137,7417.07303652879
54349200,629.041666666667,138701.354679943,138712.88505698,7423.8767585044,7430.44300106444
54442800,630.125,136936.122648474,136947.478337664,7437.78646356681,7444.35189966353
54536400,631.208333333333,135163.475031159,135174.655085328,7451.70149523098,7458.26505543939
54626400,632.25,133452.52286344,133463.533223556,7465.08636068621,7471.64713915603
54720000,633.333333333333,131666.922580415,131677.755696476,7479.01185948611,7485.56875620376
54810000,634.375,129944.534996787,129955.197034864,7492.40680749273,7498.95904592395
54903600,635.458333333333,128148.106192719,128158.589720867,7506.34280364634,7512.88925816301
54997200,636.541666666667,126346.980720808,126357.285230228,7520.28415260646,7526.82388756297
55087200,637.583333333333,124611.220665601,124621.352649522,7533.6943488245,7540.22675956709
55180800,638.666666666667,122802.508436003,122812.460678215,7547.64621539073,7554.17012983949
55270800,639.708333333333,121060.492242878,121070.271442392,7561.06653317547,7567.58144980547
55364400,640.791666666667,119246.355043407,119255.954150381,7575.02893483324,7581.53364883608
55458000,641.875,117430.283714411,117439.702695218,7588.99671655784,7595.49038370841
55548000,642.916666666667,115682.758387556,115692.004230013,7602.43235325315,7608.91461817444
55641600,644,113864.516452914,113873.582388597,7616.41070090618,7622.88031301081
55731600,645.041666666667,112115.93249799,112124.825686594,7629.85650684961,7636.31320566236
55825200,646.125,110297.654744471,110306.368618345,7643.84544232933,7650.287953862
55918800,647.208333333333,108480.174352957,108488.709352899,7657.83978416095,7664.26735765418
56008800,648.25,106733.859539857,106742.223045349,7671.30098452173,7677.71350936606
56102400,649.333333333333,104919.534909011,104927.720664106,7685.30594377996,7691.70213256749
56192400,650.375,103177.265513614,103185.281011534,7698.77736248444,7705.1572144922
56286000,651.458333333333,101368.196633662,101376.03582252,7712.79296127328,7719.15520534996
56379600,652.541666666667,99562.6106308623,99570.2743550649,7726.81399338843,7733.15804381861
56469600,653.583333333333,97830.2566550937,97837.7525204493,7740.30088233576,7746.62693522681
56563200,654.666666666667,96033.0644159481,96040.3866548322,7754.33258187092,7760.63945417175
56653200,655.708333333333,94309.7662437046,94316.9224878956,7767.82974003176,7774.11779158232
56746800,656.791666666667,92523.0062422178,92529.9908790282,7781.8721217429,7788.14029137303
56840400,657.875,90742.3347946993,90749.1488940039,7795.91997255273,7802.16804778043
56930400,658.916666666667,89036.3675000483,89043.0186369601,7809.43268435464,7815.66135125393
57024000,660,87269.1142936746,87275.5969971098,7823.49127997991,7829.69981054291
57114000,661.041666666667,85576.9728392311,85583.2945680277,7837.01432345275,7843.20369292238
57207600,662.125,83825.0438060921,83831.1990928502,7851.08365195309,7857.25349207276
57301200,663.208333333333,82081.6408531669,82087.6306168239,7865.15846562144,7871.3094061054
57391200,664.25,80413.7721065823,80419.6034910191,7878.69711537573,7884.83071928013
57484800,665.333333333333,78688.4577471728,78694.1251108336,7892.78269555399,7898.89942678538
57574800,666.375,77038.8341139812,77044.344303378,7906.33170573217,7912.43363393285
57668400,667.458333333333,75333.3658244931,75338.7129588653,7920.42807206797,7926.51644365557
57762000,668.541666666667,73638.6711961494,73643.8555210701,7934.52994280887,7940.6070358937
57852000,669.583333333333,72019.7183234985,72024.7461700169,7948.09463021562,7954.16343679127
57945600,670.666666666667,70347.3971497802,70352.2621694463,7962.20731199494,7968.27060846751
58035600,671.708333333333,68750.7221924388,68755.4304308,7975.78240276399,7981.84382240048
58129200,672.791666666667,67102.3409581378,67106.885821646,7989.90591468523,7995.96938703746
58222800,673.875,65466.7329673727,65471.1140940891,8004.03495271432,8010.104982675
58312800,674.916666666667,63906.4179770347,63910.6413760123,8017.62578768342,8023.70671187228
58406400,676,62296.9090077258,62300.9682374422,8031.76568893725,8037.86297752862
58496400,677.041666666667,60762.3211090019,60766.222641488,8045.36697786669,8051.48497549318
58590000,678.125,59180.1956106253,59183.9337506267,8059.51775806276,8065.66245716703
58683600,679.208333333333,57612.4875676535,57616.0635574007,8073.67409329152,8079.85057482895
58773600,680.25,56118.9410933202,56122.3630646647,8087.29119772288,8093.50268546514
58867200,681.333333333333,54580.3370196641,54583.6016671264,8101.45844321795,8107.71042714341
58957200,682.375,53115.2658073634,53118.382859106,8115.08604610285,8121.38024941378
59050800,683.458333333333,51606.7537386297,51609.7221526449,8129.26421671987,8135.60493764519
59144400,684.541666666667,50113.9190292707,50116.7448315854,8143.4479662883,8149.83697345199
59234400,685.583333333333,48693.4729643182,48696.1682990789,8157.09145030868,8163.52769273554
59328000,686.666666666667,47231.9549448547,47234.5224627598,8171.28614966787,8177.77148541337
59418000,687.708333333333,45841.9353672931,45844.3883531468,8184.94016940484,8191.47192007016
59511600,688.791666666667,44412.3440240779,44414.6873308483,8199.1458369876,8205.7243348474
59605200,689.875,42999.2066672542,43001.4505388357,8213.35710026099,8219.98019627735
59695200,690.916666666667,41656.0193878191,41658.1777924984,8227.02706040231,8233.69056994937
59788800,692,40275.3888171963,40277.4692915278,8241.24931810394,8247.95195193055
59878800,693.041666666667,38963.5536363541,38965.5700228479,8254.92985906787,8261.66710451593
59972400,694.125,37615.5817711118,37617.5430591381,8269.16312944042,8275.93311286139
60066000,695.208333333333,36284.258909406,36286.1771224535,8283.4020207861,8290.2013710965
60156000,696.25,35019.8118625314,35021.7002144497,8297.09856460634,8303.92298832451
60249600,697.333333333333,33721.0308425972,33722.9003928723,8311.34849421392,8318.19576799954
60339600,698.375,32487.7491348789,32489.612636018,8325.05566627256,8331.92190291653
60433200,699.458333333333,31221.2039895989,31223.0740125045,8339.31665628623,8346.19960794557
60526800,700.541666666667,29970.9136251515,29972.8036014957,8353.58328990226,8360.48002992556
60616800,701.583333333333,28783.8959498197,28785.8181966042,8367.3065333526,8374.21390892745
60710400,702.666666666667,27565.0135018942,27566.9834432778,8381.58425133297,8388.50010414819
60804000,703.75,26361.8477204156,26363.8804144404,8395.86762620644,8402.78946609434
60894000,704.791666666667,25219.5610869452,25221.6690560003,8409.60697898138,8416.53235811475
60987600,705.875,24046.5208547409,24048.7235658238,8423.90146217482,8430.82834383253
61077600,706.916666666667,22932.702588518,22935.0132751489,8437.65150122905,8444.57784733004
61171200,708,21788.7101311239,21791.1520064463,8451.95710596686,8458.88094694737
61264800,709.083333333333,20659.0657521071,20661.6597414855,8466.26838712714,8473.187841131
61354800,710.125,19586.0957932519,19588.8576880735,8480.03459398019,8486.94814506521
61448400,711.208333333333,18483.6400278745,18486.6014896444,8494.35702774701,8501.26277314146
61538400,712.25,17436.1955871942,17439.3757829707,8508.13396277455,8515.03067376484
61632000,713.333333333333,16359.6530882895,16363.0924350933,8522.46756088764,8529.35335617142
61725600,714.416666666667,15295.8620973705,15299.5977075765,8536.80685687876,8543.68025162439
61815600,715.458333333333,14284.7633503837,14288.8246154789,8550.60001856612,8557.46014441503
61909200,716.541666666667,13245.270456579,13249.7205929311,8564.95050576518,8571.79548545544
61999200,717.583333333333,12257.2437509159,12262.1256956056,8578.75443815504,8585.58360391419
62092800,718.666666666667,11241.6771382569,11247.0818410851,8593.11613269155,8599.92759452841
62186400,719.75,10238.5890260722,10244.6101984385,8607.48354569793,8614.27606142498
62276400,720.791666666667,9286.42484575249,9293.15126167855,8621.30376078584,8628.07692207669
62370000,721.875,8310.16065554963,8317.77281704187,8635.68239930943,8642.43428229357
62460000,722.916666666667,7386.83272309648,7395.4910054801,8649.5134167025,8656.24376364024
62553600,724,6446.13912469523,6456.16145889646,8663.90329880252,8670.61015743693
62647200,725.083333333333,5531.82335697255,5543.60263674323,8678.29891966707,8684.98120559281
62737200,726.125,4688.49568658243,4702.48645357067,8692.14627722476,8698.80393785963
62830800,727.208333333333,3870.1875682963,3887.2229070227,8706.55316584416,8713.18420393235
62920800,728.25,3179.35644776341,3200.15416298842,8720.41136790641,8727.01585758862
63014400,729.333333333333,2639.41121927674,2664.48835197949,8734.82954121437,8741.40545796472
63108000,730.416666666667,2403.21940165936,2430.75341092833,8749.25347379701,8755.79986178598
63198000,731.458333333333,2542.88871779031,2568.89919420418,8763.12807524604,8769.6451945856
63291600,732.541666666667,3016.03413743897,3037.93326915809,8777.56331555407,8784.0491126704
63381600,733.583333333333,3670.35274663335,3688.2877614293,8791.44879742946,8797.90365667699
63475200,734.666666666667,4467.16695216072,4481.81844463306,8805.89536462888,8812.3172280471
63568800,735.75,5332.19345585354,5344.371183442,8820.3477070538,8826.73577470163
63658800,736.791666666667,6203.81053393658,6214.17780218068,8834.24964637307,8840.60450238663
63752400,737.875,7138.41882759213,7147.3225461281,8848.71333894765,8855.03295572801
63842400,738.916666666667,8057.19217888783,8064.97731118543,8862.62619267185,8868.91130204742
63936000,740,9029.49479025581,9036.33486279704,8877.10124527345,8883.34987718653
64029600,741.083333333333,10016.4963564318,10022.557154215,8891.58209608,8897.79371808761
64119600,742.125,10978.1089406891,10983.5396623602,8905.5114623412,8911.68707020266
64213200,743.208333333333,11990.5436220126,11995.4158523745,8920.00369511549,8926.14149385499
64303200,744.25,12975.6050765906,12980.0147353617,8933.94401117817,8940.04521292139
64396800,745.333333333333,14012.0116248683,14016.0032033352,8948.44764154027,8954.510651792
64490400,746.416666666667,15060.6709108876,15064.2976889897,8962.95709051659,8968.98191912822
64580400,747.458333333333,16080.7235471299,16084.0419835743,8976.91397086095,8982.90225202908
64674000,748.541666666667,17154.0208274752,17157.0565041255,8991.4348388124,8997.38547156178
64767600,749.625,18240.3002026237,18243.0868975148,9005.96153221841,9011.87510630405
64857600,750.666666666667,19297.3437998072,19299.9193623672,9019.93500420181,9025.81374149046
64951200,751.75,20410.040746884,20412.4232351251,9034.47314081124,9040.31676236305
65041200,752.791666666667,21493.1099856169,21495.3301584792,9048.45762289557,9054.26885901799
65134800,753.875,22633.5181434422,22635.5920079472,9063.00721959231,9068.78657528251
65228400,754.958333333333,23788.5324661082,23790.4815717599,9077.56266120154,9083.31238785997
65318400,756,24913.1793596453,24915.0278217935,9091.56379422208,9097.28758561759
65412000,757.083333333333,26097.7032998045,26099.4663938134,9106.13071652513,9111.83067750341
65502000,758.125,27251.2251657628,27252.924175428,9120.14288780662,9125.8234447715
65595600,759.208333333333,28466.2543996373,28467.905044973,9134.72129780837,9140.38585729428
65689200,760.291666666667,29697.1590925758,29698.7796779109,9149.30557616889,9154.95894544955
65779200,761.333333333333,30895.8660395592,30897.4747217334,9163.33444679899,9168.9820788716
65872800,762.416666666667,32158.4276871936,32160.0414130569,9177.93022645654,9183.57757208655
65966400,763.5,33437.3427828721,33438.9790222699,9192.53188707602,9198.18511543646
66056400,764.541666666667,34682.5957704627,34684.2697836125,9206.57749291174,9212.24243593769
66150000,765.625,35993.892006419,35995.621601539,9221.19068761804,9226.87420978817
66240000,766.666666666667,37270.4211091043,37272.2192391559,9235.24737910508,9240.95483349313
66333600,767.75,38614.3436007712,38616.2279402005,9249.87210166746,9255.61047298589
66427200,768.833333333333,39974.9327115914,39976.9175572582,9264.50270255608,9270.27764219082
66517200,769.875,41298.8980421475,41300.9920107676,9278.57614088239,9284.39092992075
66610800,770.958333333333,42692.1216657568,42694.3409694092,9293.21829869208,9299.07858599527
66700800,772,44047.3755369528,44049.7256243244,9307.30285516762,9313.2099115823
66794400,773.083333333333,45472.9953460859,45475.490949129,9321.95657666472,9327.91443840905
66888000,774.166666666667,46914.9781910508,46917.6278494042,9336.61619249975,9342.6260762427
66978000,775.208333333333,48316.8054905113,48319.6103418349,9350.71754077869,9356.77771107532
67071600,776.291666666667,49790.4700663065,49793.4427602217,9365.3887363443,9371.50065738038
67161600,777.333333333333,51222.4489194721,51225.5884738013,9379.50123575212,9385.66172495847
67255200,778.416666666667,52727.1083094785,52730.4264791778,9394.18404849343,9400.39324141886
67348800,779.5,54247.256243714,54250.7577303771,9408.87279545,9415.1284105871
67438800,780.541666666667,55723.3246543089,55727.0065123166,9423.00217792023,9429.29998744715
67532400,781.625,57273.1550978268,57277.0285790905,9437.7025434811,9444.04150829252
67622400,782.666666666667,58777.2828324394,58781.34431182,9451.84310787357,9458.21893707645
67716000,783.75,60355.7613182878,60360.022134004,9466.55512384413,9472.96646334575
67809600,784.833333333333,61948.404822452,61952.868840695,9481.27307298483,9487.71708763697
67899600,785.875,63492.8528045549,63497.5158626212,9495.43055398488,9501.90340204699
67993200,786.958333333333,65112.3344353786,65117.2083220393,9510.1601740473,9516.66044295797
68086800,788.041666666667,66744.9824933905,66750.0711505774,9524.89573853284,9531.420956337
68176800,789.083333333333,68326.9088986189,68332.2078234695,9539.07016946405,9545.61719017793
68270400,790.166666666667,69984.2958228615,69989.8173733025,9553.8174140156,9560.38498873472
68360400,791.208333333333,71589.2866423911,71595.0260821219,9568.00308078855,9574.58852250511
68454000,792.291666666667,73269.8837525511,73275.8537996416,9582.76201872179,9589.36421372032
68547600,793.375,74961.6955439257,74967.9002917562,9597.52692623819,9604.14414784024
68637600,794.416666666667,76598.6128065956,76605.0470888999,9611.72957825914,9618.35973998938
68731200,795.5,78311.1626534053,78317.839654515,9626.50619581897,9633.14835943434
68821200,796.541666666667,79967.1972754913,79974.1114854966,9640.72011787872,9647.37251837227
68914800,797.625,81698.7560208022,81705.9208695063,9655.50845762825,9662.17023897295
69008400,798.708333333333,83439.3190768875,83446.738533387,9670.30277936909,9676.97273152809
69098400,799.75,85120.9865470753,85128.6545041355,9684.53373180512,9691.21046478748
69192000,800.833333333333,86877.8237217426,86885.7538818913,9699.33979238357,9706.02251589612
69282000,801.875,88574.2365283338,88582.4223486056,9713.58203715805,9720.26954641288
69375600,802.958333333333,90345.4530626782,90353.9083643973,9728.39984838413,9735.09136079819
69469200,804.041666666667,92123.2502213779,92131.9785716771,9743.22365405021,9749.9182083495
69559200,805.083333333333,93838.3949421102,93847.3891038548,9757.48296923228,9764.17956506734
69652800,806.166666666667,95627.591541631,95636.8654334385,9772.31854279595,9779.01636033834
69742800,807.208333333333,97352.7226678936,97362.2685820851,9786.58917977091,9793.28731587723
69836400,808.291666666667,99151.2816120869,99161.1134837423,9801.43653694277,9808.13411970164
69930000,809.375,100953.818472634,100963.939289788,9816.28990536449,9822.98603407782
70020000,810.416666666667,102690.275123437,102700.676468005,9830.57765765121,9837.27153560025
70113600,811.5,104499.04233841,104509.738103019,9845.44282104131,9852.13346444809
70203600,812.541666666667,106240.483416777,106251.464717934,9859.74192422408,9866.42858876588
70297200,813.625,108053.383081416,108064.663739473,9874.61889582928,9881.30050629258
70390800,814.708333333333,109867.574836622,109879.15715198,9889.50189046407,9896.17749770561
70480800,815.75,111612.692737067,111624.567136925,9903.81814897446,9910.48707351678
70574400,816.833333333333,113427.806752566,113439.986882531,9918.71296445463,9925.37397485638
70668000,817.916666666667,115242.562468243,115255.050175287,9933.61381785998,9940.26591328207
70758000,818.958333333333,116986.657919172,116999.442968597,9947.94724336533,9954.58980590247
70851600,820.041666666667,118799.073494727,118812.169285121,9962.85990975209,9969.49154258782
70941600,821.083333333333,120539.871819549,120553.267699036,9977.20468966602,9983.824821913
71035200,822.166666666667,122347.767812529,122361.476980522,9992.12917496468,9998.73630339665
71128800,823.25,124152.520230127,124166.543746458,10007.0597074472,10013.6527581971
71218800,824.291666666667,125884.368097347,125898.694720984,10021.4216934456,10028.0001894093
71312400,825.375,127681.312916911,127695.955499229,10036.3640948014,10042.9263943466
71406000,826.458333333333,129473.443937569,129488.403061555,10051.3125485176,10057.857576973
71496000,827.5,131191.585781484,131206.849674128,10065.691773764,10072.2191947966
71589600,828.583333333333,132972.649776259,132988.230894081,10080.652112198,10087.1602032604
71683200,829.666666666667,134747.247630011,134763.146092116,10095.6185105874,10102.1062678703
71773200,830.708333333333,136446.977715647,136463.181289601,10110.0149957125,10116.4822991875
71866800,831.791666666667,138207.282869198,138223.803592582,10124.9932901431,10131.438446073
71960400,832.875,139959.483384878,139976.3209537,10139.9776554503,10146.3998522125
72050400,833.916666666667,141636.135579008,141653.277403934,10154.3914224892,10160.7908753584
72144000,835,143370.839265637,143388.296989777,10169.3876970572,10175.7629262665
72237600,836.083333333333,145095.810812204,145113.58380479,10184.3900462855,10190.7406275793
72327600,837.125,146744.752100369,146762.827572297,10198.8211148278,10205.1477731468
72421200,838.208333333333,148449.054496674,148467.443810582,10213.8353920227,10220.1371590432
72511200,839.25,150077.124814494,150095.815175017,10228.277932643,10234.5560007713
72604800,840.333333333333,151758.694277419,151777.696990179,10243.3041451516,10249.558113667
72698400,841.416666666667,153427.893180384,153447.207554048,10258.3364462075,10264.5672284069
72788400,842.458333333333,155020.74132877,155040.354824682,10272.7963217502,10279.0060521863
72882000,843.541666666667,156664.167168517,156684.091334425,10287.8405637612,10294.0301370994
72972000,844.583333333333,158231.283474039,158251.506162743,10302.311926877,10308.4842534047
73065600,845.666666666667,159846.968271522,159867.501491645,10317.3681192103,10323.5252573181
73159200,846.75,161447.763143648,161468.607306891,10332.4304114561,10338.5757307928
73249200,847.791666666667,162972.481927662,162993.625842354,10346.9191424867,10353.0568211088
73342800,848.875,164542.6223918,164564.079292053,10361.99340667,10368.1275675414
73432800,849.916666666667,166036.953149337,166058.712651104,10376.4936537562,10382.6291788708
73562400,851.416666666667,168161.350823666,168183.549849555,10397.383934344,10403.5304026906
73652400,852.458333333333,169616.975629144,169639.483116433,10411.8979672333,10418.0586526111
73746000,853.541666666667,171113.221088946,171136.052660412,10426.9985584894,10433.1799220089
73836000,854.583333333333,172534.563747855,172557.710391959,10441.5241268208,10447.7309526134
73929600,855.666666666667,173994.26736537,174017.745452872,10456.6367182037,10462.8755213187
74023200,856.75,175434.670915977,175458.484301114,10471.7554312909,10478.0312799207
74113200,857.791666666667,176801.060932685,176825.20019262,10486.298430274,10492.6139783732
74210400,858.916666666667,178255.813036294,178280.307686542,10502.0112298764,10508.3731806169
74307600,860.041666666667,179688.342018792,179713.195044698,10517.7306392941,10524.1415076612
74401200,861.125,181046.369403082,181071.569632636,10532.8740955999,10539.3332863975
74491200,862.166666666667,182331.930769143,182357.46604416,10547.4408935711,10553.9466332272
74577600,863.166666666667,183547.063497726,183572.920808964,10561.4303565335,10567.9799918278
74664000,864.166666666667,184743.255112315,184769.434157936,10575.4250502854,10582.0170617554
74750400,865.166666666667,185920.191673114,185946.691493758,10589.4249758228,10596.0572127899
74836800,866.166666666667,187077.564288177,187104.383307789,10603.4301366633,10610.0999311381
74934000,867.291666666667,188355.845808338,188383.021347245,10619.1922008759,10625.9005619614
75020400,868.291666666667,189470.644669444,189498.134277803,10633.2084859537,10639.9475386964
75114000,869.375,190655.209587438,190683.035919341,10648.3987010468,10655.1669744835
75211200,870.5,191859.493593795,191887.66526675,10664.1796635717,10670.9737322411
75304800,871.583333333333,192993.92804996,193022.427733254,10679.3824145327,10686.1969282739
75391200,872.583333333333,194018.813169331,194047.611431699,10693.4211852282,10700.2507968995
75488400,873.708333333333,195145.901166173,195175.030294149,10709.2210698252,10716.0634538091
75582000,874.791666666667,196204.990875972,196234.433412884,10724.4420480405,10731.2926714656
75668400,875.791666666667,197159.470203441,197189.197406041,10738.4976473339,10745.3524992542
75765600,876.916666666667,198206.391311368,198236.433359385,10754.3164709428,10761.1724013616
75859200,878,199187.34409676,199217.683863373,10769.5556924459,10776.4091816939
75949200,879.041666666667,200105.127197582,200135.748138432,10784.2146018974,10791.0627129219
76046400,880.166666666667,201068.017859968,201098.936835078,10800.0526235851,10806.8917910364
76143600,881.291666666667,202001.197201258,202032.40834465,10815.8972958903,10822.7244672597
76230000,882.291666666667,202805.500180997,202836.966098011,10829.9870338277,10836.8011381897
76334400,883.5,203745.427691423,203777.195262423,10847.0191502155,10853.8146374288
76420800,884.5,204496.631032253,204528.643116461,10861.1205023834,10867.8983822531
76507200,885.5,205223.477023158,205255.728970718,10875.2271177179,10881.9855142777
76611600,886.708333333333,206068.989058449,206101.524632117,10892.2796330619,10899.0121263075
76705200,887.791666666667,206796.314595189,206829.098670609,10907.5746288122,10914.2818240679
76791600,888.791666666667,207441.720397407,207474.728997099,10921.6985722779,10928.3807682706
76892400,889.958333333333,208162.960660628,208196.225292307,10938.183162462,10944.8342931811
76993200,891.125,208849.793178026,208883.307454476,10954.6749262797,10961.2930447853
77086800,892.208333333333,209456.551773586,209490.292122106,10969.995131712,10976.5809326205
77184000,893.333333333333,210054.838401603,210088.807639968,10985.9111266543,10992.461742484
77274000,894.375,210579.745010918,210613.920818883,11000.6541092183,11007.1707252657
77360400,895.375,211057.225896261,211091.595131503,11014.8127566843,11021.2954898093
77464800,896.583333333333,211599.462853345,211634.05939715,11031.9281649557,11038.3683813556
77551200,897.583333333333,212019.342109797,212054.121426578,11046.0984710713,11052.5022327956
77641200,898.625,212428.791212947,212463.755734496,11060.8648244567,11067.2294213765
77738400,899.75,212838.863642834,212874.022199705,11076.8189251467,11083.1398872427
77842800,900.958333333333,213242.000925519,213277.360907518,11093.9622613666,11100.2348408346
77936400,902.041666666667,213570.46472215,213605.999086152,11109.3387089153,11115.5665995149
78037200,903.208333333333,213889.223377708,213924.938910097,11125.9048957557,11132.0832948306
